Name,Hometown,Occupation,Season,Elimination,Age,AgeDiff
"Amanda Marsh
","Chanute, Kansas
","Event planner
",1,7,23.0,9.0
"Trista Rehn
","Miami, Florida
","Miami heat dancer
",1,6,30.0,2.0
"Shannon Oliver
","Dallas, Texas
","Financial management consultant
",1,5,24.0,8.0
"Kim
","Tempe, Arizona
","Nanny
",1,4,24.0,8.0
"Cathy Grimes
","Terra Haute, Indiana
","Graduate student
",1,3,23.0,9.0
"Christina Stencil
","Bonita, California
","Attorney
",1,3,28.0,4.0
"LaNease Adams
","Los Angeles, California
","Actress
",1,3,24.0,8.0
"Rhonda Rittenhouse
","Woodward, Oklahoma
","Commercial real estate agent
",1,3,28.0,4.0
"Alexa
","Beverly Hills, California
","Special educations teacher
",1,2,27.0,5.0
"Amy Anzel
","New York, New York
","Production coordinator
",1,2,28.0,4.0
"Angela
","Avondale, Arizona
","Hooters waitress
",1,2,25.0,7.0
"Angelique Madrid
","Burbank, California
","Actress
",1,2,27.0,5.0
"Katie
","Malden, Massachusetts
","Power tool sales representative
",1,2,23.0,9.0
"Melissa
","Tempe, Arizona
","Photographer
",1,2,25.0,7.0
"Tina Chen
","Plano, Texas
","Graduate student
",1,2,27.0,5.0
"Amber
","Los Angeles, California
","Business development director
",1,1,29.0,3.0
"Daniela
","Seattle, Washington
","Neuropsychologist
",1,1,30.0,2.0
"Denise
","Honolulu, Hawaii
","Doctor
",1,1,30.0,2.0
"Jackie
","Pittsburgh, Pennsylvania
","Bar manager
",1,1,22.0,10.0
"Jill
","Chicago, Illinois
","Retail manager
",1,1,31.0,1.0
"Kristina Jenkins
","Los Angeles, California
","Advertising executive
",1,1,27.0,5.0
"Lisa Gold
","Dallas, Texas
","Attorney
",1,1,29.0,3.0
"Paula
","Swansea, Massachusetts
","Insurance representative
",1,1,24.0,8.0
"Rachel
","Eastchester, New York
","6th grade teacher
",1,1,29.0,3.0
"Wendi Plotnik
","Dallas, Texas
","Technology specialist
",1,1,26.0,6.0
Tessa Horst,"San Francisco, California",Social worker,10,9,26.0,1.0
Bevin Powers,"Palo Alto, California",Assistant,10,8,29.0,4.0
Danielle Imwalle,"Bethel, Connecticut",Graphic designer,10,7,25.0,0.0
Amber Alchalabi,"Sugar Land, Texas",Teacher,10,6,23.0,2.0
Stephanie Wilhite,"Overland Park, Kansas",Project manager,10,5,23.0,2.0
Tina Wu,"Lenox Hill, New York",Medical student,10,5,26.0,1.0
Kate Brockhouse,"Ravenel, South Carolina",Boutique owner,10,4,24.0,1.0
Nicole Clary,"Charleston, South Carolina",Sales Manager,10,4,26.0,1.0
Stephanie Tipper,"Folly Beach, South Carolina",Organ donation coordinator,10,4,27.0,2.0
Amanda Hackney,"Dallas, Texas",Financial analysts,10,3,26.0,1.0
Erin Parker,"Logansport, Louisiana",Financial analyst,10,3,24.0,1.0
Peyton Wright,"La Vergne, Tennessee",Sorority recruiter,10,3,24.0,1.0
Alexis Young,"Southlake, Texas",Attorney,10,2,26.0,1.0
Susan Anderson,"The Woodlands, Texas",Boutique manager,10,2,23.0,2.0
Tiffany Warren,"Boston, Massachusetts",Medical equipment sales representative,10,2,28.0,3.0
Blakeney Rowe,"Birmingham, Alabama",Radio sales,10,1,29.0,4.0
Candace DeCost,"Hilton Head Island, South Carolina",Waitress,10,1,23.0,2.0
Catherine Warren,"Lake Forest, Illinois",Former Miss Illinois,10,1,23.0,2.0
Danielle Vallis,"Bronx, New York",Attorney,10,1,26.0,1.0
Jackie Topelli,"Minneapolis, Minnesota",Executive coordinator,10,1,23.0,2.0
Jeanette Alvarez,"Tampa, Florida",Health care manager,10,1,27.0,2.0
Jessica Devallo,"New York, New York",Hedge fund analyst,10,1,32.0,7.0
Linda Malek,"Cuyahoga Falls, Ohio",Attorney,10,1,33.0,8.0
Lindsay Smith,"Lawrence, Kansas",Student,10,1,22.0,3.0
Tiffany Forester,"St. Louis Park, Minnesota",Real estate sales/development,10,1,27.0,2.0
DeAnna Pappas,"Newnan, Georgia",Realtor,11,8,26.0,5.0
Jenni Croft,"Wichita, Kansas",Phoenix Suns Cheerleader,11,8,28.0,3.0
Bettina Bell,"Washington, D.C.",Realtor,11,7,27.0,4.0
Sheena Stewart,"Walnut Creek, California",Internet marketing executive,11,6,23.0,8.0
Hillary Reisinger,"Philadelphia, Pennsylvania",Registered nurse,11,5,27.0,4.0
Kristy Katzmann,"Gurnee, Illinois",Acupuncturist,11,5,30.0,1.0
"Estefania ""Stephy"" Kootz","Atlanta, Georgia",Executive assistant,11,4,26.0,5.0
Jade Beazley,"Nashville, Tennessee",Boutique sales worker,11,4,24.0,7.0
McCarten Delaney,"Lemon Grove, California",Account manager,11,4,26.0,5.0
Lindsey Hawkins,"Livonia, Michigan",Model,11,3,25.0,6.0
Sarah Newlon,"O'Fallon, Illinois",Bar manager,11,3,23.0,8.0
Solisa Shoop,"Georgetown, Texas",Esthetician,11,3,26.0,5.0
Michele Leavy,"South Brunswick, New Jersey",Realtor,11,2,30.0,1.0
Mallory Simons,"Honolulu, Hawaii",Nanny,11,2,24.0,7.0
Erin Gardner,"Tampa, Florida",Publishing sales executive,11,2,25.0,6.0
Jessica Kiss,"Lady Lake, Florida",News anchor,11,1,27.0,4.0
Juli Gilliam,"Chicago, Illinois",Law student,11,1,24.0,7.0
Kim Orville,"Woodbridge, Connecticut",Realtor,11,1,31.0,0.0
Lori Langley,"Annapolis, Maryland",Teacher,11,1,33.0,2.0
Melissa Buschel,"Westchester, New York",Event planner,11,1,28.0,3.0
Morgan Becker,"Tempe, Arizona",Graduate student,11,1,24.0,7.0
Natalie Velasco,"Duncanville, Texas",Law student,11,1,25.0,6.0
Regina Doringa,"San Diego, California",Account representative,11,1,31.0,0.0
Tauni Nessler,"St. Louis Park, Minnesota",Emergency room nurse,11,1,31.0,0.0
Susan Coolidge,"St. Charles, Illinois",Project analyst,11,1,35.0,4.0
Shayne Lamas,"Malibu, California",Actress,12,9,23.0,0.0
Chelsea Wanstrath,"Durango, Colorado",Pharmaceutical sales representative,12,8,25.0,2.0
Amanda Rantuccio,"Niceville, Florida",Account Executive,12,7,28.0,5.0
Noelle Drake,"Loveland, Colorado",Photographer,12,6,27.0,4.0
Marshana Ritchie,"Brooklyn, New York",Fashion designer,12,5,27.0,4.0
Robin Canfield,"Holland, Michigan",Advertising coordinator,12,5,23.0,0.0
Ashlee Williss,"Jacksonville Beach, Florida",Singer-songwriter,12,4,23.0,0.0
Kelly Duncan,"Hollywood, California",Medical sales representative,12,4,25.0,2.0
Holly Durst,"Suffield, Ohio",Children's book author,12,4,25.0,2.0
Amy Bean,"Stockton, California",Nanny,12,3,23.0,0.0
Erin Storm,"Venice, California",Hot-dog vendor,12,3,33.0,10.0
Kristine Heffelfinger,"Dillsburg, Pennsylvania",Personal trainer,12,3,33.0,10.0
Michelle Procopio,"Syracuse, New York",Administrative assistant,12,2,29.0,6.0
"Caroline ""Carri"" Perrier","Oklahoma City, Oklahoma",Church marketing representative,12,2,25.0,2.0
Erin Harper,"Seattle, Washington",Event planner,12,2,25.0,2.0
Alyssa Gill,"Boise, Idaho",Biology student,12,1,24.0,1.0
Amanda Petterman,"LaFollette, Tennessee",Law student,12,1,26.0,3.0
Denise Hawthorne,"Washington, D.C",Attorney,12,1,30.0,7.0
Devon Antin,"Austin, Texas",Makeup artist,12,1,24.0,1.0
Lesley Geyer,"Tampa, Florida",Youth minister,12,1,24.0,1.0
Michele Romero,"Laguna Niguel, California",Interior designer,12,1,33.0,10.0
Rebecca LeBlanc,"Alamo, California",Attorney,12,1,30.0,7.0
Stacey Elza,"Chicago, Illinois",Graduate student,12,1,27.0,4.0
Tamara Sketz,"Beverly Hills, California",Cocktail waitress,12,1,23.0,0.0
Tiffany Thornburg,"San Francisco, California",Real estate marketing representative,12,1,33.0,10.0
Melissa Rycroft,"Dallas, Texas",Sales representative,13,9,26.0,2.0
Molly Malaney,"Brookfield, Wisconsin",Department store buyer,13,8,25.0,3.0
Jillian Harris,"Peace River, Alberta",Interior designer,13,7,30.0,2.0
Naomi Crespo,"Carlsbad, California",Flight attendant,13,6,25.0,3.0
Stephanie Hogan,"Huntsville, Alabama",Medical marketing representative,13,5,35.0,7.0
Lauren Wanger,"Marlboro, New Jersey",Teacher,13,4,28.0,0.0
Megan Parris,"Sewickley, Pennsylvania",Lacrosse coach,13,4,26.0,2.0
Shannon Bair,"Marshall, Missouri",Dental hygienist,13,4,30.0,2.0
Nikki Kaapke,"Blue Island, Illinois",Administrative assistant,13,4,30.0,2.0
Erica DeSimone,"Monroe, Connecticut",Account executive,13,3,25.0,3.0
Kari Fajen,"Lee's Summit, Missouri",Account executive,13,3,28.0,0.0
Natalie Getz,"Morton, Illinois",Human resources recruiter,13,3,28.0,0.0
Raquel Medeiros,"Recife, Pernambuco, Brazil",Medical student,13,2,28.0,0.0
Sharon Staebell,"Batavia, New York",Teacher,13,2,33.0,5.0
Lisa Gonzalez,"Boise, Idaho",Public relations associate,13,2,28.0,0.0
Ann Lueders,"Phoenix, Arizona",Flight attendant,13,1,24.0,4.0
Dominique Carta,"Mt. Carmel, Pennsylvania",Medical sales representative,13,1,27.0,1.0
Emily,"Seattle, Washington",Casino marketing representative,13,1,23.0,5.0
Jackie Hickey,"Springfield, Massachusetts",Wedding coordinator,13,1,26.0,2.0
Julie Dermotta,"Columbus, Ohio",Teacher,13,1,27.0,1.0
Nicole Mah,"Calgary, Alberta",Menswear buyer,13,1,25.0,3.0
Renee Simlak,"Southfield, Michigan",Jewelry designer,13,1,37.0,9.0
Shelby,"Stockton, California",Account executive,13,1,23.0,5.0
Stacia Mann,"Orem, Utah",Charity accountant,13,1,25.0,3.0
Treasure Morgan,"Salt Lake City, Utah",Nurse practitioner,13,1,28.0,0.0
Vienna Girardi,"Geneva, Florida",Marketing representative,14,9,24.0,2.0
Tenley Molzahn,"Newberg, Oregon",College admissions,14,8,26.0,0.0
Gia Allemand,"New York, New York", Swimsuit model,14,7,27.0,1.0
Ali Fedotowsky,"Williamstown, Massachusetts",Advertising account manager,14,6,26.0,0.0
Corrie Adamson,"Kissimmee, Florida",Wardrobe consultant,14,5,24.0,2.0
Ashleigh Hunt,"North Potomac, Maryland",Account manager,14,4,26.0,0.0
Jessie Sulidis,"Oakville, Ontario",Cosmetic sales manager,14,4,26.0,0.0
Kathryn Sherlock,"Lexington, Kentucky",Corporate flight attendant,14,4,26.0,0.0
Ella Nolan,"La Follette, Tennessee",Hair stylist,14,4,31.0,5.0
Elizabeth Kitt,"Imperial, Nebraska",Nanny,14,3,30.0,4.0
Valishia Savage,"San Bernardino, California",Homemaker,14,3,33.0,7.0
Michelle Kujawa,"Anaheim, California",Office manager,14,3,27.0,1.0
Ashley Elmore,"Pittsburgh, Pennsylvania",Teacher,14,2,29.0,3.0
Christina McCasland,"San Diego, California",Restaurant manager,14,2,26.0,0.0
Rozlyn Papa,"Richmond, Virginia",Model/Makeup artist,14,2,29.0,3.0
"Alexa ""Lex"" McAllister","Galloway, Ohio",Entrepreneur,14,1,26.0,0.0
Caitlyn McCabe,"Winfield, Illinois",Spokesmodel,14,1,25.0,1.0
Channy Choch,"Santa Rosa, California",Mortgage loan officer,14,1,29.0,3.0
Elizabeth Kreft,"Union, Kentucky","Captain, Air National Guard",14,1,31.0,5.0
Emily Harkins,"West Chester, Ohio",Fitness model,14,1,24.0,2.0
Kimberly Sullivan,"Norman, Oklahoma",NBA dancer,14,1,24.0,2.0
Kirsten Pittman,"Aurora, Colorado",Waitress,14,1,26.0,0.0
Sheila Lidner,"Scottsdale, Arizona",Commercial pilot,14,1,25.0,1.0
Stephanie Mueller,"Morris, Illinois",Dance teacher,14,1,24.0,2.0
Tiana Kruzel,"Calgary, Alberta",Medical technician,14,1,31.0,5.0
Emily Maynard,"Morgantown, West Virginia",Children's Hospital Event Planner,15,11,25.0,8.0
Chantal O'Brien,"Mercer Island, Washington",Executive Assistant,15,10,29.0,4.0
Ashley Hebert,"Madawaska, Maine",Dental Student,15,9,27.0,6.0
Shawntel Newton,"Chico, California",Funeral Director,15,8,27.0,6.0
Michelle Money,"Salt Lake City, Utah",Hair stylist,15,7,31.0,2.0
Britt Billmaier,"Woodinville, Washington",Food writer,15,7,26.0,7.0
Jackie Gordon,"Newport, Rhode Island",Artist,15,6,27.0,6.0
Alli Travis,"Columbus, Ohio",Apparel merchant,15,6,25.0,8.0
Lisa Morrisey,"Ottawa, Kansas",Marketing Coordinator,15,5,25.0,8.0
Marissa May,"Mesa, Arizona",Sports Publicist,15,5,27.0,6.0
Ashley Spivey,"Ellerbe, North Carolina",Nanny,15,5,27.0,6.0
Lindsay Hill,"Plano, Texas",First grade teacher,15,4,26.0,7.0
Meghan Merritt,"Princeton, New Jersey",Fashion Marketer,15,4,31.0,2.0
Stacey Quirpel,"Quincy, Massachusetts",Bartender,15,4,26.0,7.0
Kimberly Coon,"Orlando, Florida",Marketing Coordinator,15,3,29.0,4.0
Sarah Powell,"Denver, Colorado",Real Estate Broker,15,3,27.0,6.0
Madison Garton,"Vail, Colorado",Model,15,3,26.0,7.0
Keltie Busch,"Sherwood Park, Alberta",Radio City Rockette,15,2,29.0,4.0
Melissa Schreiber,"Westport, Connecticut",Waitress,15,2,33.0,0.0
Raichel Goodyear,"Fullerton, California",Manscaper,15,2,30.0,3.0
Britnee Marks,"Holland, Pennsylvania",Paralegal,15,1,26.0,7.0
Cristy Caserta,"Davie, Florida", Attorney,15,1,31.0,2.0
"Jessica ""J"" Adams","Seattle, Washington",Operations Manager,15,1,26.0,7.0
Jill Ruskowski,"Frisco, Texas",Sales director,15,1,29.0,4.0
Lacey Garbelman,"Tampa, Florida",Insurance agent,15,1,28.0,5.0
Lauren Moore,"Culpeper, Virginia",High School Teacher,15,1,27.0,6.0
Lisa Pastrich,"Dix Hills, New York",Sales Consultant,15,1,28.0,5.0
Rebecca,"Mission Viejo, California",Esthetician,15,1,30.0,3.0
Renee Halpin,"Palos Hills, Illinois",Nanny,15,1,29.0,4.0
Sarah Ledtke,"Saginaw, Michigan",Musical Theatre Performer,15,1,26.0,7.0
Courtney Robertson,"Scottsdale, Arizona",Model,16,11,29.0,5.0
Lindzi Cox,"Newcastle, Washington",Business development manager,16,10,28.0,4.0
Nicki Sterling,"Hurst, Texas",Dental hygienist,16,9,26.0,2.0
Kacie Boguskie,"Clarksville, Tennessee",Administrative assistant,16,8,25.0,1.0
Emily O'Brien,"Chapel Hill, North Carolina",PhD Student,16,7,28.0,4.0
Rachel Truehart,"Southampton, Massachusetts",Fashion sales representative,16,7,28.0,4.0
Jamie Otis,"Dryden, New York",Registered nurse,16,6,26.0,2.0
Casey Shteamer,"Leawood, Kansas",Trading clerk,16,6,27.0,3.0
Blakeley Jones,"Rutherfordton, North Carolina",VIP cocktail waitress,16,6,35.0,11.0
Jennifer Fritsch,"Cache, Oklahoma",Accountant,16,5,29.0,5.0
Elyse Myers,"Chicago, Illinois",Personal trainer,16,5,25.0,1.0
Monica Spannbauer,"Yuba, California",Dental consultant,16,4,34.0,10.0
Samantha Levey,"Pittsburgh, Pennsylvania",Advertising account manager,16,4,27.0,3.0
Jaclyn Swartz,"Newton, Massachusetts",Advertising account manager,16,3,28.0,4.0
Erika Uhlig,"Charlottesville, Virginia",Law student,16,3,24.0,0.0
Brittney Schreiner,"Colorado Springs, Colorado",Medical sales representative,16,3,27.0,3.0
Shawn Reynolds,"Cincinnati, Ohio",Financial advisor,16,2,29.0,5.0
Jenna Burke,"Loveland, Ohio",Blogger,16,2,28.0,4.0
Amber Bacon,"Port Coquitlam, British Columbia",Labor and delivery nurse,16,1,23.0,1.0
Amber Tierney,"Waverly, Nebraska",Critical care nurse,16,1,28.0,4.0
Anna Snowball,"Detroit, Michigan",Student,16,1,25.0,1.0
Dianna Martinez,"San Gabriel, California",Nonprofit director,16,1,31.0,7.0
Holly Johnson,"Salyersville, Kentucky",Pharmaceutical sales representative,16,1,34.0,10.0
Lyndsie James,"London, England",Internet entrepreneur,16,1,29.0,5.0
Shira Astrof,"Massapequa Park, New York",Actress,16,1,35.0,11.0
Catherine Giudici,"Seattle, Washington",Graphic Designer,17,11,27.0,4.0
Lindsay Yenter,"Fort Bragg, North Carolina",Substitute Teacher,17,10,25.0,2.0
AshLee Frazier,"Houston, Texas",Personal Organizer,17,9,33.0,10.0
Desiree Hartsock,"Northglenn, Colorado",Bridal Stylist,17,8,27.0,4.0
Lesley Murphy,"Fort Smith, Arkansas",Political Consultant,17,7,26.0,3.0
Tierra LiCausi,"Las Vegas, Nevada",Leasing Consultant,17,7,25.0,2.0
Daniella McBride,"Belmont, California",Commercial Casting Associate,17,6,25.0,2.0
Selma Alameri,"Borrego Springs, California",Real Estate Dealer,17,6,31.0,8.0
Sarah Herron,"Evergreen, Colorado",Advertising Executive,17,6,27.0,4.0
Robyn Howard,"Topeka, Kansas",Oil Field Account Manager,17,5,25.0,2.0
Jackie Parr,"Ormond Beach, Florida",Cosmetics Consultant,17,5,26.0,3.0
Amanda Meyer,"Bakersfield, California",Fit Model,17,4,27.0,4.0
Leslie Hughes,"Ruskin, Florida",Poker Dealer,17,4,30.0,7.0
Kristy Kaminski,"Darien, Wisconsin",Model,17,3,26.0,3.0
Taryn Daniels,"Troutdale, Oregon",Health Club Manager,17,3,31.0,8.0
Brooke Burchette,"Pittsburgh, Pennsylvania",Community Organizer,17,2,25.0,2.0
Diana Weeks-Willardson,"Sandy, Utah",Salon Owner,17,2,32.0,9.0
Katie Levans,"Woodstock, Illinois",Yoga Instructor,17,2,28.0,5.0
Ashley Harper,"Garner, North Carolina",Fashion Model,17,1,25.0,2.0
Ashley Palenkas,"Macomb, Michigan",Hair Stylist,17,1,29.0,6.0
Kelly Dutton,"Chattanooga, Tennessee",Cruise Ship Entertainer,17,1,29.0,6.0
Keriann Miranda,"Agoura Hills, California",Entrepreneur,17,1,30.0,7.0
Lacey Latka,"Valencia, California",Graduate Student,17,1,25.0,2.0
Lauren Marchetti,"Cranston, Rhode Island",Journalist,17,1,28.0,5.0
Paige Vigil,"Minnetonka, Minnesota",Jumbotron Operator,17,1,26.0,3.0
Nikki Ferrell,"Kearney, Missouri",Pediatric Nurse,18,11,28.0,2.0
Clare Crawley,"Sacramento, California",Hairstylist,18,10,33.0,7.0
Andi Dorfman,"Buckhead, Georgia",Assistant District Attorney,18,9,27.0,1.0
Renee Oteri,"Martha's Vineyard, Massachusetts",Real Estate Agent,18,8,33.0,7.0
Chelsie Webster,"Lexington, Ohio",Science Educator,18,7,25.0,1.0
Sharleen Joynt,"Ottawa, Ontario",Opera Singer,18,7,30.0,4.0
Kat Hurd,"Iowa City, Iowa",Medical Sales Representative,18,6,30.0,4.0
Cassandra Ferguson,"Shelby Charter Township, Michigan",Former NBA Dancer,18,6,23.0,3.0
Alli Restko,"Orland Park, Illinois",Nanny,18,5,28.0,2.0
Danielle Ronco,"Litchfield, Illinois",Psychiatric Nurse,18,5,26.0,0.0
Kelly Travis,"Conyers, Georgia",Dog Lover,18,5,28.0,2.0
Elise Mosca,"Forty Fort, Pennsylvania",First Grade Teacher,18,4,28.0,2.0
Lauren Solomon,"Clinton, Michigan",Music Composer,18,4,27.0,1.0
Christy Hansen,"Aurora, Illinois",Marketing Manager,18,3,26.0,0.0
"Lucinda ""Lucy"" Aragon","Santa Barbara, California",Free Spirit,18,3,26.0,0.0
Amy Long,"Clermont, Florida",Local News Reporter,18,2,28.0,2.0
Chantel Forrest,"Miami, Florida",Account Manager,18,2,28.0,2.0
Victoria Lima,"Porto Alegre, Brazil",Legal Assistant,18,2,24.0,2.0
Alexis Morgado,"Tampa, Florida",Communications Director,18,1,26.0,0.0
Amy Jokinen,"Apopka, Florida",Massage Therapist,18,1,33.0,7.0
Ashley Poe,"Roanoke, Texas",Grade School Teacher,18,1,27.0,1.0
Christine Llano,"Miami, Florida",Police Support Specialist,18,1,25.0,1.0
Kylie Lewis,"Rockford, Illinois",Interior Designer,18,1,24.0,2.0
Lacy Faddoul,"Antelope Acres, California",Nursing Home Owner,18,1,26.0,0.0
Lauren Higginson,"Edmond, Oklahoma",Mineral Coordinator,18,1,26.0,0.0
Maggie Gantt,"Wagener, South Carolina",Personal Banker,18,1,26.0,0.0
Valerie Eredia,"Sutter, California",Personal Trainer,18,1,28.0,2.0
Whitney Bischoff,"Louisville, Kentucky",Fertility Nurse,19,11,30.0,4.0
Becca Tilley,"Shreveport, Louisiana",Chiropractic Assistant,19,10,27.0,1.0
Kaitlyn Bristowe,"Leduc, Alberta",Dance Instructor,19,9,30.0,4.0
Jade Roper,"Gering, Nebraska",Cosmetics Developer,19,8,29.0,3.0
Carly Waddell,"Arlington, Texas",Cruise Ship Singer,19,7,30.0,4.0
Britt Nilsson,"Detroit, Michigan",Waitress,19,7,28.0,2.0
Megan Bell,"Nashville, Tennessee",Make-Up Artist,19,6,26.0,0.0
Kelsey Poe,"Hudsonville, Michigan",Guidance Counselor,19,6,29.0,3.0
Ashley Iaconetti,"Great Falls, Virginia",Nanny/Freelance Journalist,19,6,27.0,1.0
Mackenzie Deonigi,"Maple Valley, Washington",Dental Assistant,19,5,22.0,4.0
Samantha Steffen,"Indianapolis, Indiana",Fashion Designer,19,5,28.0,2.0
Ashley Salter,"Vinings, Georgia",Hair Stylist,19,4,25.0,1.0
Juelia Kinney,"Portland, Oregon",Esthetician,19,4,31.0,5.0
Nikki Delventhal,"Hasbrouck Heights, New Jersey",Former NFL Cheerleader,19,4,26.0,0.0
Jillian Anderson,"Howland, Ohio",News Producer,19,4,26.0,0.0
Amber James,"Kankakee, Illinois",Bartender,19,3,30.0,4.0
Tracy Darakis,"Wellington, Florida",Fourth Grade Teacher,19,3,30.0,4.0
Trina Scherenberg,"Algonquin, Illinois",Special Education Teacher,19,3,34.0,8.0
Alissa Giambrone,"Hamilton, New Jersey",Flight Attendant,19,2,25.0,1.0
Jordan Branch,"Windsor, Colorado",Student,19,2,24.0,2.0
Kimberly Sherbach,"Wantagh, New York",Yoga Instructor,19,1,29.0,3.0
Tandra Steiner,"Sandy, Utah",Executive Assistant,19,2,31.0,5.0
Tara Eddings,"Fort Lauderdale, Florida",Sport Fishing Enthusiast,19,2,27.0,1.0
Amanda Goerlitz,"Lake in the Hills, Illinois",Ballet Teacher,19,1,25.0,1.0
Bo Stanley,"Carpinteria, California",Plus-Size Model,19,1,26.0,0.0
Brittany Fetkin,"Temecula, California",WWE Diva-in-Training,19,1,27.0,1.0
Kara Wilson,"Brownsville, Kentucky",High School Soccer Coach,19,1,25.0,1.0
Michelle Davis,"Provo, Utah",Wedding Cake Baker,19,1,25.0,1.0
Nicole Meacham,"Scottsdale, Arizona",Real Estate Agent,19,1,31.0,5.0
Reegan Cornwell,"Manhattan Beach, California",Cadaver Tissue Saleswoman,19,1,29.0,3.0
"Helene Eksterowicz
","Gloucester, New Jersey
","School psychologist
",2,8,27.0,7.0
"Brooke Smith
","Albertville, Alabama
","College student
",2,7,22.0,12.0
"Gwen Gioia
","Philadelphia, Pennsylvania
","Executive recruiter
",2,6,31.0,3.0
"Angela Vaught
","Kansas City, Missouri
","Registered nurse
",2,5,27.0,7.0
"Hayley Crittenden
","Lake Oswego, Oregon
","Retail manager
",2,4,28.0,6.0
"Heather Cranford
","Dallas, Texas
","Flight attendant
",2,4,30.0,4.0
"Christi Weible
","Boise, Idaho
","Assistant financial advisor
",2,3,23.0,11.0
"Heather Campion
","Walnut Creek, California
","Marriage therapy trainee
",2,3,24.0,10.0
"Kyla Dickerson
","Midvale, Utah
","Airline supervisor
",2,3,22.0,12.0
"Shannon Fries
","Long Island, New York
","Graphic artist
",2,3,26.0,8.0
"Dana Norris
","Beverly Hills, California
","Radio sales
",2,2,24.0,10.0
"Erin B.
","Westchester, Pennsylvania
","Publications quality control
",2,2,25.0,9.0
"Suzanne Freeman
","Redondo Beach, California
","Flight attendant
",2,2,33.0,1.0
"Frances Dinglasan
","San Francisco, California
","Strategic planning analyst
",2,2,30.0,4.0
"Anindita Dutta
","New York, New York
","Attorney
",2,2,27.0,7.0
"Amber West
","Chapel Hill, North Carolina
","Psychologist
",2,1,26.0,8.0
"Camille Langfield
","Los Angeles, California
","Actress
",2,1,29.0,5.0
"Cari
","Granite City, Illinois
","Teacher
",2,1,29.0,5.0
"Christy
","Avondale, Arizona
","Radiological technologist
",2,1,24.0,10.0
"Erin
","Houston, Texas
","Interior designer
",2,1,24.0,10.0
"Fatima Rivas
","Long Beach, California
","College student
",2,1,22.0,12.0
"Liangy Fernandez
","Coral Gables, Florida
","Paralegal
",2,1,30.0,4.0
"Lori Todd
","Dallas, Texas
","Former NBA cheerleader
",2,1,26.0,8.0
"Merrilee Donahue
","Forked River, New Jersey
","Teacher
",2,1,28.0,6.0
"Suzi Reid
","Richmond, Virginia
","Communications specialist
",2,1,28.0,6.0
Lauren Bushnell,"West Linn, Oregon",Flight Attendant,20,11,26.0,6.0
"Joelle ""JoJo"" Fletcher","Dallas, Texas",Real Estate Developer,20,10,26.0,6.0
Caila Quinn,"Hudson, Ohio",Software Sales Representative,20,9,25.0,5.0
Amanda Stanton,"Laguna Beach, California",Esthetician,20,8,26.0,6.0
Emily Ferguson,"Las Vegas, Nevada",Waitress/Twin,20,7,24.0,4.0
Lauren Himle,"Dexter, Michigan",Kindergarten Teacher,20,6,26.0,6.0
Olivia Caridi,"Austin, Texas",Former News Anchor,20,6,24.0,4.0
Leah Block,"Aurora, Colorado",Event Planner,20,6,26.0,6.0
Jennifer Saviano,"Davie, Florida",Small Business Owner,20,5,27.0,7.0
Jubilee Sharpe,"Fort Lauderdale, Florida",War Veteran,20,5,25.0,5.0
Rachel Tchen,"Little Rock, Arkansas",Unemployed,20,4,24.0,4.0
Haley Ferguson,"Las Vegas, Nevada",Waitress/Twin,20,4,24.0,4.0
Jami Letain,"St. Albert, Alberta",Bartender,20,3,24.0,4.0
Shushanna Mkrtychyan,"Salt Lake City, Utah",Property manager,20,3,28.0,8.0
Lace Morris,"Denver, Colorado",Real Estate Agent,20,3,27.0,7.0
"Amanda ""Mandi"" Kremer","Portland, Oregon",Dentist,20,2,30.0,10.0
"Jacqueline ""Jackie"" Dion","Newport Beach, California",Gerontologist,20,2,24.0,4.0
Samantha Passmore,"New Smyrna Beach, Florida",Attorney,20,2,28.0,8.0
"Lauren ""LB"" Barr","Stillwater, Oklahoma",Fashion Buyer,20,2,24.0,4.0
Breanne Rice,"Seattle, Washington",Nutritional Therapist,20,1,31.0,11.0
Izzy Goodkind,"Branford, Connecticut",Graphic Designer,20,1,26.0,6.0
Jessica Moser,"Boca Raton, Florida",Accountant,20,1,24.0,4.0
Laura Esselman,"Louisville, Kentucky",Account Executive,20,1,25.0,5.0
Lauren Russell,"Houston, Texas",Math Teacher,20,1,27.0,7.0
Maegan Miller,"Visalia, California",Cowgirl,20,1,31.0,11.0
Tiara Soleim,"Redmond, Washington",Chicken Enthusiast,20,1,28.0,8.0
Vanessa Grimaldi,"Montreal, Quebec",Special Education Teacher,21,11,30.0,0.0
Raven Gates,"Hoxie, Arkansas",Fashion Boutique Owner,21,10,26.0,4.0
Rachel Lindsay,"Dallas, Texas",Attorney,21,9,32.0,2.0
Corinne Olympios,"Miami, Florida",Business Owner,21,8,26.0,4.0
Kristina Schulman,"Lexington, Kentucky",Dental Hygienist,21,7,26.0,4.0
Danielle Maltby,"Germantown, Wisconsin",Neonatal Nurse,21,7,32.0,2.0
Danielle Lombard,"Los Angeles, California",Small Business Owner,21,6,29.0,1.0
Whitney Fransway,"Chanhassen, Minnesota",Pilates Instructor,21,6,26.0,4.0
Jasmine Goode,"Maplewood, New Jersey",Pro Basketball Dancer,21,6,30.0,0.0
Alexis Waters,"Secaucus, New Jersey",Aspiring Dolphin Trainer,21,5,24.0,6.0
Jaimi King,"New Orleans, Louisiana",Chef,21,5,29.0,1.0
Josephine Tutman,"Santa Cruz, California",Unemployed Nurse,21,5,25.0,5.0
Taylor Nolan,"Seattle, Washington",Mental Health Counselor,21,5,24.0,6.0
Astrid Loch,"Tampa, Florida",Plastic Surgery Office Manager,21,4,27.0,3.0
Sarah Vendal,"Newport Beach, California",Grade School Teacher,21,4,27.0,3.0
Brittany Farrar,"Santa Monica, California",Travel Nurse,21,3,27.0,3.0
Christen Whitney,"Tulsa, Oklahoma",Wedding Videographer,21,3,26.0,4.0
Dominique Alexis,"Los Angeles, California",Restaurant Server,21,3,27.0,3.0
Elizabeth Whitelaw,"New Trier, Illinois",Marketing Manager,21,2,26.0,4.0
Hailey Merkt,"Vancouver, British Columbia",Photographer,21,2,25.0,5.0
Lacey Mark,"Montville, New Jersey",Digital Marketing Manager,21,2,27.0,3.0
"Elizabeth ""Liz"" Sandoz","Scottsbluff, Nebraska",Doula,21,2,30.0,0.0
Angela Amezcua,"Greenville, South Carolina",Model,21,1,28.0,2.0
Briana Guertler,"Salt Lake City, Utah",Surgical Unit Nurse,21,1,30.0,0.0
Ida Marie DeLosSantos,"Harlingen, Texas",Sales Manager,21,1,24.0,6.0
Jasmine Brown,"Tacoma, Washington",Flight Attendant,21,1,26.0,4.0
Lauren Hussey,"Naples, Florida",Law School Graduate,21,1,31.0,1.0
Olivia Burnette,"Anchorage, Alaska",Apparel Sales Representative,21,1,26.0,4.0
Michelle Ramkissoon,"Los Angeles, California",Food Truck Owner,21,1,24.0,6.0
Susannah Milan,"San Diego, California",Account Manager,21,1,27.0,3.0
Becca Kufrin,"Prior Lake, Minnesota",Publicist,22,11,28.0,2.0
Lauren Burnham,"Virginia Beach, Virginia",Technology Salesperson,22,10,27.0,3.0
Kendall Long,"Santa Clarita, California",Creative Director,22,9,27.0,3.0
Tia Booth,"Weiner, Arkansas",Physical Therapist,22,8,27.0,3.0
Bekah Martinez,"Clovis, California",Nanny,22,7,23.0,7.0
Seinne Fleming,"Long Beach, California",Commercial Real Estate Manager,22,7,28.0,2.0
Jacqueline Trumbull,"Morgantown, West Virginia",Real Estate Coordinator,22,7,27.0,3.0
Chelsea Roy,"South Portland, Maine",Real Estate Executive Assistant,22,6,30.0,0.0
Jenna Cooper,"Upland, Indiana",Social Media Manager,22,6,29.0,1.0
Krystal Nielson,"Missoula, Montana",Fitness Coach,22,6,31.0,1.0
Ashley Luebke,"West Palm Beach, Florida",Real Estate Agent,22,5,26.0,4.0
Maquel Cooper,"American Fork, Utah",Photographer,22,5,24.0,6.0
Marikh Mathias,"Salt Lake City, Utah",Restaurant Owner,22,5,28.0,2.0
Brittany Taylor,"Belton, South Carolina",Tech Recruiter,22,4,31.0,1.0
Caroline Lunny,"Holliston, Massachusetts",Realtor,22,4,28.0,2.0
Bibiana Julian,"Miami, Florida",Executive Assistant,22,3,31.0,1.0
Annaliese Puccini,"San Mateo, California",Event Designer,22,3,34.0,4.0
Lauren Schleyer,"Dallas, Texas",Social Media Manager,22,3,32.0,2.0
"Jennifer ""Jenny"" Delaney","Northbrook, Illinois",Graphic Designer,22,2,26.0,4.0
Lauren Griffin,"Indianapolis, Indiana",Executive Recruiter,22,2,27.0,3.0
Valerie Biles,"Nashville, Tennessee",Server,22,2,25.0,5.0
"Alison ""Ali"" Harrington","Lawton, Oklahoma",Personal Stylist,22,1,28.0,2.0
Amber Wilkerson,"Denver, Colorado",Business Owner,22,1,30.0,0.0
"Brianna ""Bri"" Amaranthus","Grants Pass, Oregon",Sports Reporter,22,1,26.0,4.0
Brittane Johnson,"San Diego, California",Marketing Manager,22,1,28.0,2.0
Jessica Carroll,"Calgary, Alberta",Television Host,22,1,28.0,2.0
Lauren Jarreau,"New Roads, Louisiana",Recent Master's Graduate,22,1,34.0,4.0
Nysha Norris,"Anderson, South Carolina",Orthopedic Nurse,22,1,31.0,1.0
Olivia Goethals,"Geneseo, Illinois",Marketing Associate,22,1,25.0,5.0
Cassie Randolph,"Huntington Beach, California",Speech Pathologist,23,11,24.0,4.0
Hannah Godwin,"Birmingham, Alabama",Content Creator,23,9,24.0,4.0
Tayshia Adams,"Santa Ana, California",Phlebotomist,23,9,29.0,9.0
Caelynn Miller-Keyes,"Fredericksburg, Virginia",Miss North Carolina USA 2018,23,8,24.0,4.0
Kirpa Sudick,"Whittier, California",Dental Hygienist,23,7,27.0,7.0
Heather Martin,"Carlsbad, California",Assistant Program Manager,23,7,24.0,4.0
Hannah Brown,"Tuscaloosa, Alabama",Miss Alabama USA 2018,23,7,25.0,5.0
Katie Morton,"Oviedo, Florida",Medical Sales Representative,23,6,27.0,7.0
Demi Burnett,"Red Oak, Texas",Interior Designer,23,6,24.0,4.0
Sydney Lotuaco,"Virginia Beach, Virginia",NBA Dancer,23,6,28.0,8.0
Nicole Lopez-Alvar,"Miami, Florida",Social Media Coordinator,23,5,27.0,7.0
Onyeka Ehie,"Dallas, Texas",IT Risk Consultant,23,5,25.0,5.0
Elyse Dehlbom,"Soldotna, Alaska",Makeup Artist,23,5,32.0,12.0
Courtney Curtis,"McDonough, Georgia",Caterer,23,4,24.0,4.0
Tracy Shapoff,"Los Angeles, California",Wardrobe Stylist,23,4,33.0,13.0
"Brianna ""Bri"" Barnes","Los Angeles, California",Model,23,3,25.0,5.0
Catherine Agro,"Fort Lauderdale, Florida",DJ,23,3,28.0,8.0
Nina Bartula,"Raleigh, North Carolina",Sales Account Manager,23,3,30.0,10.0
Caitlin Clemmens,"Toronto, Ontario",Realtor,23,3,26.0,6.0
Alex Blumberg,"Vancouver, British Columbia",Dog Rescuer,23,2,30.0,10.0
Angelique Sherman,"Hamilton, New Jersey",Marketing Sales Assistant,23,2,29.0,9.0
Annie Reardon,"Mequon, Wisconsin",Financial Associate,23,2,24.0,4.0
Erika McNutt,"Encinitas, California",Recruiter,23,2,26.0,6.0
Alex Dillon,"Boston, Massachusetts",IT Account Manager,23,1,25.0,5.0
Devin Gooden,"Medford, Oregon",Broadcast Journalist,23,1,25.0,5.0
Erin Landry,"Plano, Texas",Home Improvement Employee,23,1,29.0,9.0
Jane Averbukh,"West Hollywood, California",Social Worker,23,1,27.0,7.0
Laura Pellerito,"Dallas, Texas",Accountant,23,1,27.0,7.0
Revian Chang,"Santa Monica, California",Esthetician,23,1,25.0,5.0
Tahzjuan Hawkins,"Castle Pines, Colorado",Business Development Associate,23,1,27.0,7.0
Hannah Sluss,"Knoxville, Tennessee",Model,24,11,24.0,2.0
Madison Prewett,"Auburn, Alabama",Foster Parent Recruiter,24,10,24.0,2.0
Victoria Fuller,"Virginia Beach, Virginia",Medical Sales Representative,24,9,27.0,5.0
Kelsey Weier,"Des Moines, Iowa",Professional Clothier,24,8,29.0,7.0
Kelley Flanagan,"Chicago, Illinois",Attorney,24,7,28.0,6.0
Natasha Parker,"New York City, New York",Event Planner,24,7,32.0,10.0
Mykenna Dorn,"Langely, British Columbia",Fashion Blogger,24,6,23.0,1.0
Sydney Hightower,"Northport, Alabama",Retail Marketing Manager,24,6,25.0,3.0
Tammy Ly,"Syracuse, New York",House Flipper,24,6,25.0,3.0
Victoria Paul,"Alexandria, Louisiana",Nurse,24,6,28.0,6.0
Lexi Buchanan,"Jacksonville, Florida",Marketing Coordinator,24,5,27.0,5.0
Shiann Lewis,"Las Vegas, Nevada",Administrative Assistant,24,5,28.0,6.0
Deandra Kanu,"Bar Harbor, Maine",Home Care Coordinator,24,4,24.0,2.0
Kiarra Norman,"Kennesaw, Georgia",Nanny,24,4,24.0,2.0
Savannah Mullins,"Houston, Texas",Realtor,24,4,28.0,6.0
Alayah Benavidez,"San Antonio, Texas",Orthodontist Assistant,24,4,25.0,3.0
Alexa Caves,"Springfield, Illinois",Esthetician,24,3,28.0,6.0
Jasmine Nguyen,"Houston, Texas",Client Relations Manager,24,3,26.0,4.0
Sarah Coffin,"Knoxville, Tennessee",Medical Radiographer,24,3,25.0,3.0
Courtney Perry,"Venice, Florida",Cosmetologist,24,2,28.0,6.0
Lauren Jones,"Glendale, California",Marketing Executive,24,2,28.0,6.0
Payton Moran,"Wellesley, Massachusetts",Business Development Rep,24,2,25.0,3.0
Avonlea Elkins,"Fort Worth, Texas",Cattle Rancher,24,1,28.0,6.0
Eunice Cho,"Chicago, Illinois",Flight Attendant,24,1,24.0,2.0
Jade Gilliland,"Mesa, Arizona",Flight Attendant,24,1,28.0,6.0
Jenna Serrano,"New Lenox, Illinois",Nursing Student,24,1,24.0,2.0
Katrina Badowski,"Chicago, Illinois",Professional NBA Dancer,24,1,29.0,7.0
Kylie Ramos,"Santa Monica, California",Entertaiment Sales Associate,24,1,27.0,5.0
Maurissa Gunn,"Laurel, Montana",Patient Care Coordinator,24,1,24.0,2.0
Megan Hops,"San Francisco, California",Flight Attendant,24,1,27.0,5.0
Rachael Kirkconnell,"Cumming, Georgia",Graphic Designer,25,11,25.0,2.0
Michelle Young,"Edina, Minnesota",Teacher,25,10,28.0,5.0
Bri Springs,"San Francisco, California",Communications Manager,25,9,26.0,3.0
Serena Pitt,"Markham, Ontario",Publicist,25,8,24.0,1.0
Pieper James,"Happy Valley, Oregon",Graduate Student,25,7,24.0,1.0
Jessenia Cruz,"El Paso, Texas",Social Media Marketer,25,7,29.0,6.0
Kit Keenan,"New York City, New York",Socialite,25,7,22.0,1.0
Abigail Heringer,"Salem, Oregon",Client Financial Manager,25,7,26.0,3.0
Chelsea Vaughn,"Marietta, Georgia",Runway Model,25,6,29.0,6.0
Serena Chew,"San Francisco, California",Flight Attendant,25,6,25.0,2.0
Katie Thurston,"Renton, Washington",Bank Marketing Manager,25,6,30.0,7.0
Brittany Galvin,"Hinsdale, Illinois",Model,25,5,24.0,1.0
"Mearg ""Magi"" Tareke","Washington, D.C.",Pharmacist,25,5,33.0,10.0
Ryan Claytor,"Mechanicsville, Virginia",Choreographer,25,5,27.0,4.0
MJ Snyder,"Hudson, Ohio",Hairstylist,25,5,25.0,2.0
Catalina Morales,"Caguas, Puerto Rico",Former Miss Puerto Rico,25,4,31.0,8.0
Lauren Maddox,"Miami, Florida",Corporate Attorney,25,4,30.0,7.0
"Mariela ""Mari"" Pepin","Severn, Maryland",Marketing Director,25,4,25.0,2.0
Victoria Larson,"Los Angeles, California",Queen,25,4,28.0,5.0
Anna Redman,"Owatonna, Minnesota",Copywriter,25,4,25.0,2.0
Kaili Anderson,"Chicago, Illinois",Hostess,25,3,27.0,4.0
Khaylah Epps,"Durham, North Carolina",Healthcare Advocate,25,3,29.0,6.0
Kim Li,"Los Angeles, California",ICU Nurse,25,3,29.0,6.0
Sarah Trott,"San Diego, California",Broadcast Journalist,25,3,25.0,2.0
Alana Milne,"Toronto, Ontario",Photographer,25,2,27.0,4.0
Illeana Pennetto,"South Salem, New York",Health Food Developer,25,2,27.0,4.0
Kristin Hopkins,"Virginia Beach, Virginia",Attorney,25,2,28.0,5.0
Marylynn Sienna,"Huntington Beach, California",Event Coordinator,25,2,29.0,6.0
Sydney Johnson,"Franklin, Tennessee",Marketing Specialist,25,2,29.0,6.0
Alicia Holloway,"Morgantown, West Virginia",Professional Ballerina,25,1,25.0,2.0
Amber Andrews,"Costa Mesa, California",Nursing Student,25,1,31.0,8.0
Carolyn Vallejo,"Newburyport, Massachusetts",Journalist,25,1,31.0,8.0
Casandra Suarez,"Lodi, California",Social Worker,25,1,27.0,4.0
Corrinne Jones,"Pomfret, Connecticut",Marketing Manager,25,1,23.0,0.0
Emani Curl,"Albuquerque, New Mexico",Realtor,25,1,26.0,3.0
Kimberly Courneya,"Seattle, Washington",Airline Recruiter,25,1,30.0,7.0
Saneh Ste Clare,"Denver, Colorado",IT Consultant,25,1,26.0,3.0
Susie Evans,"Poquoson, Virginia",Wedding Videographer,26,10,29.0,7.0
Gabby Windey,"Denver, Colorado",ICU Nurse,26,9,31.0,9.0
Rachel Recchia,"Clermont, Florida",Flight Instructor,26,9,26.0,4.0
Serene Russell,"Oklahoma City, Oklahoma",Elementary School Teacher,26,8,27.0,5.0
Teddi Wright,"Redlands, California",Surgical Unit Nurse,26,7,26.0,4.0
Sarah Hamrick,"Spartanburg, South Carolina",Wealth Management Advisor,26,7,24.0,2.0
Genevieve Parisi,"Rehoboth, Massachusetts",Bartender,26,7,27.0,5.0
Eliza Isichei,"Tampa, Florida",Marketing Manager,26,6,26.0,4.0
Mara Agrait,"Collingswood, New Jersey",Entrepreneur,26,6,33.0,11.0
Hunter Haag,"Charlotte, North Carolina",Human Resource Specialist,26,5,30.0,8.0
Marlena Wesh,"Virginia Beach, Virginia",Former Olympian,26,5,31.0,9.0
Shanae Ankney,"Sycamore, Ohio",Recruiter,26,5,30.0,8.0
Jill Chin,"Scituate, Rhode Island",Architectural Historian,26,4,27.0,5.0
Lyndsey Windham,"Orange, Texas",Industrial Sales Representative,26,4,29.0,7.0
Sierra Jackson,"Oklahoma City, Oklahoma",Yoga Instructor,26,4,27.0,5.0
Elizabeth Corrigan,"Highlands Ranch, Colorado",Real Estate Advisor,26,3,33.0,11.0
Kira Mengistu,"Philadelphia, Pennsylvania",Physician,26,3,33.0,11.0
Melina Nasab,"West Hollywood, California",Personal Trainer,26,3,28.0,6.0
Ency Abedin,"Burbank, California",Sales Manager,26,2,29.0,7.0
Kate Gallivan,"Lake Hollywood, California",Real Estate Agent,26,2,33.0,11.0
Tessa Tookes,"Stamford, Connecticut",HR Specialist,26,2,27.0,5.0
Cassidy Timbrooks,"Cave Creek, Arizona",Executive Recruiter,26,2,27.0,5.0
Daria Rose,"Baldwin, New York",Law Student,26,1,25.0,3.0
Hailey Malles,"Orlando, Florida",Pediatric Nurse,26,1,27.0,5.0
Ivana Noble,"Snellville, Georgia",Bar Mitzvah Dancer,26,1,32.0,10.0
Jane Paik,"Los Angeles, California",Social Media Director,26,1,34.0,12.0
Lindsay Dobbs,"Warner Robins, Georgia",Neonatal nurse,26,1,28.0,6.0
Rianna Hockaday,"Mount Pleasant, Texas",Registered Nurse,26,1,28.0,6.0
Samantha Jeffries,"Dayton, Ohio",Occupational Therapist,26,1,27.0,5.0
Claire Heilig,"Virginia Beach, Virginia",Spray Tanner,26,1,30.0,8.0
"Kaitlyn ""Kaity"" Biggar","Kingston, Ontario",Travel Nurse,27,11,29.0,9.0
"Gabriella ""Gabi"" Elnicki","Pittsford, Vermont",Senior Account Executive,27,10,26.0,6.0
Ariel Frenkel,"Manhattan, New York",Marketing Executive,27,9,29.0,9.0
Charity Lawson,"Columbus, Georgia",Child and Family Therapist,27,8,28.0,8.0
Katherine Izzo,"Tampa, Florida",Registered Nurse,27,7,27.0,7.0
Brooklyn Willie,"Mineola, Texas",Rodeo Racer,27,7,26.0,6.0
Greer Blitzer,"Bellaire, Texas",Medical Sales Representative,27,7,25.0,5.0
"Alyssa ""Aly"" Jacobs","Smyrna, Georgia",Healthcare Strategist,27,6,27.0,7.0
Jess Girod,"Winter Springs, Florida",E-Commerce Coordinator,27,6,24.0,4.0
Kylee Russell,"Charlotte, North Carolina",Postpartum Nurse,27,5,26.0,6.0
Mercedes Northup,"Bloomfield, Iowa",Nonprofit Case Manager,27,5,25.0,5.0
Davia Bunch,"Roebuck, South Carolina",Marketing Manager,27,4,26.0,6.0
Genevie Mayo,"Joppa, Maryland",Neonatal Nurse,27,4,27.0,7.0
Anastasia Keramidas,"Baltimore, Maryland",Content Marketing Manager,27,4,31.0,11.0
Christina Mandrell,"Hendersonville, Tennessee",Content Creator,27,3,28.0,8.0
Brianna Thorbourne,Entrepreneur,"Jersey City, New Jersey",27,3,25.0,5.0
Bailey Brown,"Brentwood, Tennessee",Executive Recruiter,27,3,28.0,8.0
"Catherine ""Cat"" Wong","Long Island, New York",Professional Dancer,27,2,27.0,7.0
Kimberly Gutierrez,"Stroudsburg, Pennsylvania",Hospitality Manager,27,2,31.0,11.0
Victoria Jameson,"Keller, Texas",Professional Makeup Artist,27,2,31.0,11.0
Becca Serrano,"Burbank, California",Nursing Student,27,1,27.0,7.0
Cara Ammon,"McCandless, Pennsylvania",Corporate Recruiter,27,1,28.0,8.0
Holland Parsons,"Boca Raton, Florida",Insurance Marketer,27,1,25.0,5.0
Lekha Ravi,"Miami, Florida",Financial Advisor,27,1,30.0,10.0
Olivia Lewis,"Churchville, New York",Patient Care Technician,27,1,25.0,5.0
Olivia Miller,"Delphos, Ohio",Stylist,27,1,27.0,7.0
Sonia Sharma,"Jericho, New York",Project Manager,27,1,30.0,10.0
Vanessa Dinh,"Farmington Hills, Michigan",Restaurant Marketer,27,1,24.0,4.0
Viktoria Eichner,"Chicago, Illinois",Nanny,27,1,30.0,10.0
Madison Johnson,"Fargo, North Dakota",Business Owner,27,1,28.0,8.0
Kelsey Anderson,"Leesville, Louisiana",Junior Project Manager,28,11,26.0,4.0
Daisy Kent,"Becker, Minnesota",Account Executive,28,10,26.0,4.0
Rachel Nance,"Honolulu, Hawaii",ICU Nurse,28,9,27.0,5.0
Maria Georgas,"Kleinburg, Ontario",Executive Assistant,28,8,30.0,8.0
Jenn Tran,"Hillsdale, New Jersey",Physician Assistant Student,28,7,27.0,5.0
Kelsey Toussant,"Inglewood, California",Actress,28,7,32.0,10.0
Katelyn DeBacker,"Santa Fe, New Mexico",Radiochemist,28,6,27.0,5.0
Lea Cayanan,"Waipahu, Hawaii",Account Manager,28,6,24.0,2.0
Lexi Young,"Pataskala, Ohio",Digital Strategist,28,6,31.0,9.0
Jess Edwards,"Erwin, Tennessee",Executive Assistant,28,6,25.0,3.0
Autumn Waggoner,"De Soto, Missouri",Account Executive,28,5,27.0,5.0
Madina Alam,"Johnstown, New York",Mental Health Therapist,28,5,32.0,10.0
Allison Hollinger,"Dover, Delaware",Realtor,28,4,27.0,5.0
Edwina Dorbor,"Maple Grove, Minnesota",Entrepreneur,28,4,26.0,4.0
Sydney Gordon,"Newport, Rhode Island",Vintage Store Owner,28,4,29.0,7.0
Chrissa Perez,"Abbotsford, British Columbia",Marketing Director,28,3,28.0,6.0
Evalin Clark,"San Antonio, Texas",Nanny,28,3,30.0,8.0
Starr Skyler,"Delray Beach, Florida",Mental Health Counselor,28,3,27.0,5.0
Erika Cardenas,"North Bergen, New Jersey",Leasing Agent,28,2,26.0,4.0
Marlena Haddad,"Waterbury, Connecticut",Finance Writer,28,2,28.0,6.0
Taylor Wiens,"Olathe, Kansas",Recruiter,28,2,25.0,3.0
Lauren Hollinger,"Dover, Delaware",Registered Nurse,28,2,29.0,7.0
Chandler Dewgard,"Brooklyn, New York",Graphic Designer,28,1,25.0,3.0
Kayla Rodgers,"Hamilton, Ohio",Guidance Counselor,28,1,29.0,7.0
Kyra Brusch,"Miami, Florida",Paralegal,28,1,27.0,5.0
Lanie Latsios,"Glen Mills, Pennsylvania",Realtor,28,1,28.0,6.0
Nat Crepeau,"Sudbury, Ontario",Nursing Professor,28,1,27.0,5.0
Sam Hale,"Melville, New York",CPA,28,1,32.0,10.0
Samantha Washington,"Lincoln, Nebraska",Miami Dolphins Cheerleader,28,1,26.0,4.0
Sandra Rabadi,"Strongsville, Ohio",Cybersecurity Consultant,28,1,27.0,5.0
Talyah Jackson,"Huntington Beach, California",Esthetician,28,1,25.0,3.0
Zoe Antona,"Roswell, Georgia",Artist,28,1,25.0,3.0
"Jennifer Schefft
","Mentor, Ohio
","Publicist
",3,8,27.0,17.0
"Kirsten Buschbacher
","Valrico, Florida
","E-Commerce Merchant
",3,7,24.0,20.0
"Tina Panas
","Oconomowoc, Wisconsin
","Student
",3,6,23.0,21.0
"Cristina Costa
","Montclair, New Jersey
","Pharmaceutical sales consultant
",3,5,31.0,13.0
"Anne-Michelle
","Burbank, California
","Bartender/actress
",3,4,25.0,19.0
"Liz
","Chicago, Illinois
","Event marketing director
",3,4,23.0,21.0
"Aubree
","Las Vegas, Nevada
","Hair stylist
",3,3,26.0,18.0
"Heather
","Waltham, Massachusetts
","Student
",3,3,22.0,22.0
"Tina S.
","Nashville, Tennessee
","Event planner
",3,3,26.0,18.0
"Amy P.
","Charleston, South Carolina
","Massage therapist
",3,2,29.0,15.0
"Christina S.
","Palm Harbor, Florida
","Realtor
",3,2,24.0,20.0
"Elizabeth
","Bolingbrook, Illinois
","Child life specialist
",3,2,24.0,20.0
"Shannon
","New York, New York
","Human resources
",3,2,26.0,18.0
"Amy G.
","New York, New York
","Graphic designer
",3,1,24.0,20.0
"Brooke
","Jacksonville, Florida
","Student
",3,1,21.0,23.0
"Courtney
","San Anselmo, Texas
","Administrative assistant
",3,1,24.0,20.0
"Ginny
","Kansas City, Missouri
","Server
",3,1,25.0,19.0
"Jennifer B.
","New Port Richey, Florida
","Pharmacist
",3,1,26.0,18.0
"Kerri
","Los Angeles, California
","Corporate recruiter
",3,1,25.0,19.0
"Kristen
","Excelsior, Minnesota
","Real-estate sales
",3,1,29.0,15.0
"Stephanie
","Mount Pleasant, Tennessee
","Server
",3,1,21.0,23.0
"Tiffany Sandles
","Cuyahoga Falls, Ohio
","Mansion caretaker
",3,1,26.0,18.0
"Estella Gardinier
","Beverly Hills, California
","Mortgage Broker
",4,8,28.0,21.0
"Kelly Jo Kuharski
","Kalamazoo, Michigan
","Director of community relations
",4,7,24.0,25.0
"Mary Delgado
","Tampa, Florida
","Sales manager
",4,6,36.0,13.0
"Meredith Phillips
","Beaverton, Oregon
","Make-up artist
",4,5,29.0,20.0
"Brooke Bradford
","Bartlett, Tennessee
","Teacher
",4,4,24.0,25.0
"Lee-Ann Callebs
","Athens, Georgia
","Second-grade teacher
",4,4,24.0,25.0
"Antoinette Madonna
","Philadelphia, Pennsylvania
","Senior Account Manager
",4,3,30.0,19.0
"Jenny Hartgrove
","Austin, Texas
","Marketing Director
",4,3,30.0,19.0
"Karin Smith
","Brooklyn Park, Minnesota
","Mortgage Consultant
",4,3,32.0,17.0
"Misty
","Dallas, Texas
","Radio Promotions Assistant
",4,3,23.0,26.0
"Jennifer
","La Jolla, California
","Elementary School Teacher
",4,2,26.0,23.0
"Kristi Houston
","Chicago, Illinois
","Loan Processor
",4,2,24.0,25.0
"Lanah
","Poolesville, Maryland
","Event Coordinator
",4,2,27.0,22.0
"Lindsay D.
","Los Angeles, California
","Professional Dancer
",4,2,23.0,26.0
"Lindsay King
","Mauldin, South Carolina
","Pharmaceutical Sales
",4,1,25.0,24.0
"Christine
","Corona, California
","Administrative Assistant
",4,1,24.0,25.0
"Darla Whistler
","Gainesville, Florida
","Attorney
",4,1,26.0,23.0
"Julie
","Louisville, Kentucky
","Sales/Modeling
",4,1,29.0,20.0
"Lauren
","Redondo Beach, California
","Retail Buyer
",4,1,24.0,25.0
"Leona
","Chicago, Illinois
","Realtor's assistant
",4,1,25.0,24.0
"Samentha
","Chicago, Illinois
","Kitchen designer
",4,1,25.0,24.0
"Shea Deeds
","Shreveport, Lousiana
","Firefighter
",4,1,25.0,24.0
"Shelly
","Wanwatosa, Wisconsin
","Pharmaceutical Sales
",4,1,26.0,23.0
"Stacey
","Massillon, OH
","Hair stylist
",4,1,26.0,23.0
"Jessica Bowlin
","Huntington Beach, California
","Student
",5,8,22.0,21.0
"Tara Huckeby
","Shawnee, Oklahoma
","General contractor
",5,7,23.0,20.0
"Mandy Jeffreys
","Midland, Texas
","Architecture Designer
",5,6,26.0,17.0
"Trish Schneider
","Atlanta, Georgia
","Model
",5,5,28.0,15.0
"Karen Lindsay
","Pleasant Grove, Utah
","Pharmaceutical Salesperson
",5,4,28.0,15.0
"Suzie Williams
","Ann Arbor, Michigan
","Prosthetic Technician
",5,4,23.0,20.0
"Jenny De Schiralli
","Carrboro, North Carolina
","Swim Instructor
",5,3,26.0,17.0
"Jessica Holcomb
","Pearsall, Texas
","Attorney
",5,3,25.0,18.0
"Julie Durda
","Sacramento, California
","Professional Cheerleader
",5,3,24.0,19.0
"Katie Gehart
","Scottsdale, Arizona
","LASIK Eye & Skin Center Manager
",5,3,22.0,21.0
"Amber LaRoux
","Sunriver, Oregon
","Consultant
",5,2,27.0,16.0
"Anne-Catherine Labbé
","Quebec City, Quebec, Canada
","Model
",5,2,27.0,16.0
"Celeste Creel
","Ithaca, New York
","Executive Assistant
",5,2,24.0,19.0
"Debbie Merkett
","Pinetops, North Carolina
","Massage Therapist
",5,2,27.0,16.0
"Jean-Marie Callahan
","Gibson, North Carolina
","Hairstylist
",5,2,26.0,17.0
"Jenny Matthews
","Canton, Michigan
","Retail Manager
",5,2,24.0,19.0
"Kristy Romero
","Dearborn, Michigan
","Student
",5,2,25.0,18.0
"Mandy Clemens
","San Diego, California
","Professional Soccer Player
",5,2,26.0,17.0
"DeShaun Warner
","Phillipsburg, New Jersey
","Account Manager
",5,1,25.0,18.0
"Dolores Farburg
","Madison, New Jersey
","Account Manager
",5,1,26.0,17.0
"Francine Jones
","Houston, Texas
","Retail Manager
",5,1,25.0,18.0
"Holly Reeder
","Tulsa, Oklahoma
","Bank Representative
",5,1,26.0,17.0
"Jessica Kyron
","Cincinnati, Ohio
","Student
",5,1,21.0,22.0
"Kristin Clearwater
","Sausalito, California
","Singer
",5,1,25.0,18.0
"Rachel Clementi
","Buffalo, New York
","Fashion PR Manager
",5,1,26.0,17.0
"Tanya
","Plano, TX
","Teacher
",6,8,31.0,27.0
"Cynthia
","Hermosa Beach, CA
","Charity foundations director
",6,7,37.0,21.0
"Cheresse
","St. Louis, MO
","Advertising director
",6,6,31.0,27.0
"Andrea
","Denver, CO
","Dental hygienist
",6,5,33.0,25.0
"Jayne
","Key Largo, FL
","Dog groomer
",6,5,37.0,21.0
"Krysta
","Oklahoma City, OK
","Financial analyst
",6,4,28.0,30.0
"Amanda
","New York, NY
","Cosmetics buyer
",6,3,27.0,31.0
"Kristie
","Windsor, Canada
","Bar owner
",6,3,32.0,26.0
"Susie
","Hollywood, CA
","Insurance broker
",6,3,32.0,26.0
"Ashley
","Santa Barbara, CA
","Teacher
",6,2,31.0,27.0
"Kelly
","Beverly Hills, CA
","Actress
",6,2,34.0,24.0
"Leina
","Chula Vista, CA
","Advertising associate
",6,2,28.0,30.0
"Natalie
","Santa Monica, CA
","Retail sales
",6,2,34.0,24.0
"Wende
","Austin, TX
","Model
",6,2,28.0,30.0
"Abby
","Henderson, NV
","Acrobat
",6,1,29.0,29.0
"Alma Rubenstein
","Astoria, OR
","Cafe owner
",6,1,35.0,23.0
"Amy
","San Diego, CA
","Marketing consultant
",6,1,27.0,31.0
"Carolyn
","Tusla, OK
","Financial advisor
",6,1,36.0,22.0
"Kerry
","San Francisco, CA
","Nurse
",6,1,31.0,27.0
"Kristin
","Pensacola, FL
","Office manager
",6,1,27.0,31.0
"Lisa
","West Palm Beach, FL
","Teacher
",6,1,33.0,25.0
"Melinda
","Nashville, TN
","Photographer
",6,1,39.0,19.0
"Nicole
","Libertyville, IL
","Executive recruiter
",6,1,28.0,30.0
"Sarah Brice
","McKinney, Texas
","Labor and Delivery Nurse
",7,8,25.0,23.0
"Krisily Kennedy
","Warwick, Rhode Island
","Salon Coordinator
",7,7,26.0,22.0
"Sarah Welch
","Los Angeles, California
","Fashion Design
",7,6,24.0,24.0
"Kimberly Choma
","Edmonton, Alberta
","Swimsuit Model
",7,5,25.0,23.0
"Anitra
","Manhattan Beach, California
","Makeup Artist
",7,4,29.0,19.0
"Kindle
","Rockwell, Texas
","Pro Basketball Cheerleader
",7,4,23.0,25.0
"Jenny Adams
","Edmonton, Alberta
","Marketing Coordinator
",7,3,23.0,25.0
"Kara
","Woodland Hills, California
","Nanny
",7,3,26.0,22.0
"Carrie
","Minneapolis, Minnesota
","Computer Specialist
",7,2,27.0,21.0
"Gina Marie
","Fort Lauderdale, Florida
","Bartender
",7,2,28.0,20.0
"Megan
","Tallahassee, Florida
","Retail Marketing
",7,2,23.0,25.0
"Brenda
","New York City, New York
","Sales Coordinator
",7,1,26.0,22.0
"Danuska
","Los Angeles, California
","Runway Model
",7,1,30.0,18.0
"Debby
","Thornhill, Ontario
","Flight Attendant
",7,1,25.0,23.0
"Emilie
","Chicago, Illinois
","Technology Sales
",7,1,27.0,21.0
"Geitan
","Newport Beach, California
","Realtor
",7,1,30.0,18.0
"Kristina
","Brooklyn, New York
","Writer
",7,1,27.0,21.0
"Kristine
","Fairfax Station, Virginia
","Bikini Model
",7,1,23.0,25.0
"Kyshawn
","Nashville, Tennessee
","Bartender
",7,1,30.0,18.0
"Siomara
","Chicago, Illinois
","Loan Officer
",7,1,25.0,23.0
"Valerie
","Wayne, New Jersey
","Executive Assistant
",7,1,28.0,20.0
Jennifer Wilson,"Pembroke Pines, Florida",Teacher,9,8,24.0,29.0
Sadie Murray,"Carlsbad, California",Publicist,9,7,23.0,30.0
Lisa Blank,"Portland, Oregon",Marketing manager,9,6,25.0,28.0
Agnese Polliza,"Venice, Italy",Student,9,5,24.0,29.0
Jeanette Pawula,"Bloomingdale, Illinois",Teacher,9,4,23.0,30.0
Desiree Valentin,"Salt Lake City, Utah",Realtor,9,4,22.0,31.0
Jami Matzke,"Galveston, Texas",Event planner,9,3,27.0,26.0
Gina Clark,"Chicago, Illinois",Ultrasound technician,9,3,28.0,25.0
Erica Rose,"Houston, Texas",Socialite,9,3,23.0,30.0
Sarah Schnare,"Nelson, British Columbia",Journalist,9,2,30.0,23.0
Kim Jackson,"Newport Beach, California",Interior designer,9,2,27.0,26.0
Ellen DeMaio,"New Haven, Connecticut",Realtor,9,2,30.0,23.0
April Jacobs,"Chicago, Illinois",Model,9,1,23.0,30.0
Andrea Shirley,"Cincinnati, Ohio",Hotel concierge,9,1,28.0,25.0
Brit Keeder,"Columbus, Ohio",Beer chemist,9,1,28.0,25.0
Carissa Ilburg,"Cattaraugus, New York",Attorney,9,1,25.0,28.0
Claudia Gismondi,"Boca Raton, Florida",Restauranteur,9,1,22.0,31.0
Elyse Hammer,"New York, New York",Physician,9,1,27.0,26.0
Heather Sneed,"Aliquippa, Pennsylvania",Registered nurse,9,1,34.0,19.0
Jessica Horner,"Charlotte, North Carolina",Assistant buyer,9,1,25.0,28.0
Laura Morgan,"San Diego, California",Dolphin trainer,9,1,29.0,24.0
Meri Barr,"Biloxi, Mississippi",Attorney,9,1,27.0,26.0
Renée Snell,"Baltimore, Maryland",Broadcast marketer,9,1,30.0,23.0
Rita Ghazal,"Richmond, Virginia",Policy advisor,9,1,29.0,24.0
Rosella Fratto,"Chicago, Illinois",Make-up artist,9,1,27.0,26.0
Tara Durr,"St. Augustine, Florida",Realtor,9,1,25.0,28.0
