Name,Hometown,Occupation,Season,Elimination,Age,AgeDiff,ElimFac
"Amanda Marsh
","Chanute, Kansas
","Event planner
",1,7,23.0,9.0,1.0
"Trista Rehn
","Miami, Florida
","Miami heat dancer
",1,6,30.0,2.0,0.8571428571428571
"Shannon Oliver
","Dallas, Texas
","Financial management consultant
",1,5,24.0,8.0,0.7142857142857143
"Kim
","Tempe, Arizona
","Nanny
",1,4,24.0,8.0,0.5714285714285714
"Cathy Grimes
","Terra Haute, Indiana
","Graduate student
",1,3,23.0,9.0,0.42857142857142855
"Christina Stencil
","Bonita, California
","Attorney
",1,3,28.0,4.0,0.42857142857142855
"LaNease Adams
","Los Angeles, California
","Actress
",1,3,24.0,8.0,0.42857142857142855
"Rhonda Rittenhouse
","Woodward, Oklahoma
","Commercial real estate agent
",1,3,28.0,4.0,0.42857142857142855
"Alexa
","Beverly Hills, California
","Special educations teacher
",1,2,27.0,5.0,0.2857142857142857
"Amy Anzel
","New York, New York
","Production coordinator
",1,2,28.0,4.0,0.2857142857142857
"Angela
","Avondale, Arizona
","Hooters waitress
",1,2,25.0,7.0,0.2857142857142857
"Angelique Madrid
","Burbank, California
","Actress
",1,2,27.0,5.0,0.2857142857142857
"Katie
","Malden, Massachusetts
","Power tool sales representative
",1,2,23.0,9.0,0.2857142857142857
"Melissa
","Tempe, Arizona
","Photographer
",1,2,25.0,7.0,0.2857142857142857
"Tina Chen
","Plano, Texas
","Graduate student
",1,2,27.0,5.0,0.2857142857142857
"Amber
","Los Angeles, California
","Business development director
",1,1,29.0,3.0,0.14285714285714285
"Daniela
","Seattle, Washington
","Neuropsychologist
",1,1,30.0,2.0,0.14285714285714285
"Denise
","Honolulu, Hawaii
","Doctor
",1,1,30.0,2.0,0.14285714285714285
"Jackie
","Pittsburgh, Pennsylvania
","Bar manager
",1,1,22.0,10.0,0.14285714285714285
"Jill
","Chicago, Illinois
","Retail manager
",1,1,31.0,1.0,0.14285714285714285
"Kristina Jenkins
","Los Angeles, California
","Advertising executive
",1,1,27.0,5.0,0.14285714285714285
"Lisa Gold
","Dallas, Texas
","Attorney
",1,1,29.0,3.0,0.14285714285714285
"Paula
","Swansea, Massachusetts
","Insurance representative
",1,1,24.0,8.0,0.14285714285714285
"Rachel
","Eastchester, New York
","6th grade teacher
",1,1,29.0,3.0,0.14285714285714285
"Wendi Plotnik
","Dallas, Texas
","Technology specialist
",1,1,26.0,6.0,0.14285714285714285
Tessa Horst,"San Francisco, California",Social worker,10,9,26.0,1.0,1.0
Bevin Powers,"Palo Alto, California",Assistant,10,8,29.0,4.0,0.8888888888888888
Danielle Imwalle,"Bethel, Connecticut",Graphic designer,10,7,25.0,0.0,0.7777777777777778
Amber Alchalabi,"Sugar Land, Texas",Teacher,10,6,23.0,2.0,0.6666666666666666
Stephanie Wilhite,"Overland Park, Kansas",Project manager,10,5,23.0,2.0,0.5555555555555556
Tina Wu,"Lenox Hill, New York",Medical student,10,5,26.0,1.0,0.5555555555555556
Kate Brockhouse,"Ravenel, South Carolina",Boutique owner,10,4,24.0,1.0,0.4444444444444444
Nicole Clary,"Charleston, South Carolina",Sales Manager,10,4,26.0,1.0,0.4444444444444444
Stephanie Tipper,"Folly Beach, South Carolina",Organ donation coordinator,10,4,27.0,2.0,0.4444444444444444
Amanda Hackney,"Dallas, Texas",Financial analysts,10,3,26.0,1.0,0.3333333333333333
Erin Parker,"Logansport, Louisiana",Financial analyst,10,3,24.0,1.0,0.3333333333333333
Peyton Wright,"La Vergne, Tennessee",Sorority recruiter,10,3,24.0,1.0,0.3333333333333333
Alexis Young,"Southlake, Texas",Attorney,10,2,26.0,1.0,0.2222222222222222
Susan Anderson,"The Woodlands, Texas",Boutique manager,10,2,23.0,2.0,0.2222222222222222
Tiffany Warren,"Boston, Massachusetts",Medical equipment sales representative,10,2,28.0,3.0,0.2222222222222222
Blakeney Rowe,"Birmingham, Alabama",Radio sales,10,1,29.0,4.0,0.1111111111111111
Candace DeCost,"Hilton Head Island, South Carolina",Waitress,10,1,23.0,2.0,0.1111111111111111
Catherine Warren,"Lake Forest, Illinois",Former Miss Illinois,10,1,23.0,2.0,0.1111111111111111
Danielle Vallis,"Bronx, New York",Attorney,10,1,26.0,1.0,0.1111111111111111
Jackie Topelli,"Minneapolis, Minnesota",Executive coordinator,10,1,23.0,2.0,0.1111111111111111
Jeanette Alvarez,"Tampa, Florida",Health care manager,10,1,27.0,2.0,0.1111111111111111
Jessica Devallo,"New York, New York",Hedge fund analyst,10,1,32.0,7.0,0.1111111111111111
Linda Malek,"Cuyahoga Falls, Ohio",Attorney,10,1,33.0,8.0,0.1111111111111111
Lindsay Smith,"Lawrence, Kansas",Student,10,1,22.0,3.0,0.1111111111111111
Tiffany Forester,"St. Louis Park, Minnesota",Real estate sales/development,10,1,27.0,2.0,0.1111111111111111
DeAnna Pappas,"Newnan, Georgia",Realtor,11,8,26.0,5.0,1.0
Jenni Croft,"Wichita, Kansas",Phoenix Suns Cheerleader,11,8,28.0,3.0,1.0
Bettina Bell,"Washington, D.C.",Realtor,11,7,27.0,4.0,0.875
Sheena Stewart,"Walnut Creek, California",Internet marketing executive,11,6,23.0,8.0,0.75
Hillary Reisinger,"Philadelphia, Pennsylvania",Registered nurse,11,5,27.0,4.0,0.625
Kristy Katzmann,"Gurnee, Illinois",Acupuncturist,11,5,30.0,1.0,0.625
"Estefania ""Stephy"" Kootz","Atlanta, Georgia",Executive assistant,11,4,26.0,5.0,0.5
Jade Beazley,"Nashville, Tennessee",Boutique sales worker,11,4,24.0,7.0,0.5
McCarten Delaney,"Lemon Grove, California",Account manager,11,4,26.0,5.0,0.5
Lindsey Hawkins,"Livonia, Michigan",Model,11,3,25.0,6.0,0.375
Sarah Newlon,"O'Fallon, Illinois",Bar manager,11,3,23.0,8.0,0.375
Solisa Shoop,"Georgetown, Texas",Esthetician,11,3,26.0,5.0,0.375
Michele Leavy,"South Brunswick, New Jersey",Realtor,11,2,30.0,1.0,0.25
Mallory Simons,"Honolulu, Hawaii",Nanny,11,2,24.0,7.0,0.25
Erin Gardner,"Tampa, Florida",Publishing sales executive,11,2,25.0,6.0,0.25
Jessica Kiss,"Lady Lake, Florida",News anchor,11,1,27.0,4.0,0.125
Juli Gilliam,"Chicago, Illinois",Law student,11,1,24.0,7.0,0.125
Kim Orville,"Woodbridge, Connecticut",Realtor,11,1,31.0,0.0,0.125
Lori Langley,"Annapolis, Maryland",Teacher,11,1,33.0,2.0,0.125
Melissa Buschel,"Westchester, New York",Event planner,11,1,28.0,3.0,0.125
Morgan Becker,"Tempe, Arizona",Graduate student,11,1,24.0,7.0,0.125
Natalie Velasco,"Duncanville, Texas",Law student,11,1,25.0,6.0,0.125
Regina Doringa,"San Diego, California",Account representative,11,1,31.0,0.0,0.125
Tauni Nessler,"St. Louis Park, Minnesota",Emergency room nurse,11,1,31.0,0.0,0.125
Susan Coolidge,"St. Charles, Illinois",Project analyst,11,1,35.0,4.0,0.125
Shayne Lamas,"Malibu, California",Actress,12,9,23.0,0.0,1.0
Chelsea Wanstrath,"Durango, Colorado",Pharmaceutical sales representative,12,8,25.0,2.0,0.8888888888888888
Amanda Rantuccio,"Niceville, Florida",Account Executive,12,7,28.0,5.0,0.7777777777777778
Noelle Drake,"Loveland, Colorado",Photographer,12,6,27.0,4.0,0.6666666666666666
Marshana Ritchie,"Brooklyn, New York",Fashion designer,12,5,27.0,4.0,0.5555555555555556
Robin Canfield,"Holland, Michigan",Advertising coordinator,12,5,23.0,0.0,0.5555555555555556
Ashlee Williss,"Jacksonville Beach, Florida",Singer-songwriter,12,4,23.0,0.0,0.4444444444444444
Kelly Duncan,"Hollywood, California",Medical sales representative,12,4,25.0,2.0,0.4444444444444444
Holly Durst,"Suffield, Ohio",Children's book author,12,4,25.0,2.0,0.4444444444444444
Amy Bean,"Stockton, California",Nanny,12,3,23.0,0.0,0.3333333333333333
Erin Storm,"Venice, California",Hot-dog vendor,12,3,33.0,10.0,0.3333333333333333
Kristine Heffelfinger,"Dillsburg, Pennsylvania",Personal trainer,12,3,33.0,10.0,0.3333333333333333
Michelle Procopio,"Syracuse, New York",Administrative assistant,12,2,29.0,6.0,0.2222222222222222
"Caroline ""Carri"" Perrier","Oklahoma City, Oklahoma",Church marketing representative,12,2,25.0,2.0,0.2222222222222222
Erin Harper,"Seattle, Washington",Event planner,12,2,25.0,2.0,0.2222222222222222
Alyssa Gill,"Boise, Idaho",Biology student,12,1,24.0,1.0,0.1111111111111111
Amanda Petterman,"LaFollette, Tennessee",Law student,12,1,26.0,3.0,0.1111111111111111
Denise Hawthorne,"Washington, D.C",Attorney,12,1,30.0,7.0,0.1111111111111111
Devon Antin,"Austin, Texas",Makeup artist,12,1,24.0,1.0,0.1111111111111111
Lesley Geyer,"Tampa, Florida",Youth minister,12,1,24.0,1.0,0.1111111111111111
Michele Romero,"Laguna Niguel, California",Interior designer,12,1,33.0,10.0,0.1111111111111111
Rebecca LeBlanc,"Alamo, California",Attorney,12,1,30.0,7.0,0.1111111111111111
Stacey Elza,"Chicago, Illinois",Graduate student,12,1,27.0,4.0,0.1111111111111111
Tamara Sketz,"Beverly Hills, California",Cocktail waitress,12,1,23.0,0.0,0.1111111111111111
Tiffany Thornburg,"San Francisco, California",Real estate marketing representative,12,1,33.0,10.0,0.1111111111111111
Melissa Rycroft,"Dallas, Texas",Sales representative,13,9,26.0,2.0,1.0
Molly Malaney,"Brookfield, Wisconsin",Department store buyer,13,8,25.0,3.0,0.8888888888888888
Jillian Harris,"Peace River, Alberta",Interior designer,13,7,30.0,2.0,0.7777777777777778
Naomi Crespo,"Carlsbad, California",Flight attendant,13,6,25.0,3.0,0.6666666666666666
Stephanie Hogan,"Huntsville, Alabama",Medical marketing representative,13,5,35.0,7.0,0.5555555555555556
Lauren Wanger,"Marlboro, New Jersey",Teacher,13,4,28.0,0.0,0.4444444444444444
Megan Parris,"Sewickley, Pennsylvania",Lacrosse coach,13,4,26.0,2.0,0.4444444444444444
Shannon Bair,"Marshall, Missouri",Dental hygienist,13,4,30.0,2.0,0.4444444444444444
Nikki Kaapke,"Blue Island, Illinois",Administrative assistant,13,4,30.0,2.0,0.4444444444444444
Erica DeSimone,"Monroe, Connecticut",Account executive,13,3,25.0,3.0,0.3333333333333333
Kari Fajen,"Lee's Summit, Missouri",Account executive,13,3,28.0,0.0,0.3333333333333333
Natalie Getz,"Morton, Illinois",Human resources recruiter,13,3,28.0,0.0,0.3333333333333333
Raquel Medeiros,"Recife, Pernambuco, Brazil",Medical student,13,2,28.0,0.0,0.2222222222222222
Sharon Staebell,"Batavia, New York",Teacher,13,2,33.0,5.0,0.2222222222222222
Lisa Gonzalez,"Boise, Idaho",Public relations associate,13,2,28.0,0.0,0.2222222222222222
Ann Lueders,"Phoenix, Arizona",Flight attendant,13,1,24.0,4.0,0.1111111111111111
Dominique Carta,"Mt. Carmel, Pennsylvania",Medical sales representative,13,1,27.0,1.0,0.1111111111111111
Emily,"Seattle, Washington",Casino marketing representative,13,1,23.0,5.0,0.1111111111111111
Jackie Hickey,"Springfield, Massachusetts",Wedding coordinator,13,1,26.0,2.0,0.1111111111111111
Julie Dermotta,"Columbus, Ohio",Teacher,13,1,27.0,1.0,0.1111111111111111
Nicole Mah,"Calgary, Alberta",Menswear buyer,13,1,25.0,3.0,0.1111111111111111
Renee Simlak,"Southfield, Michigan",Jewelry designer,13,1,37.0,9.0,0.1111111111111111
Shelby,"Stockton, California",Account executive,13,1,23.0,5.0,0.1111111111111111
Stacia Mann,"Orem, Utah",Charity accountant,13,1,25.0,3.0,0.1111111111111111
Treasure Morgan,"Salt Lake City, Utah",Nurse practitioner,13,1,28.0,0.0,0.1111111111111111
Vienna Girardi,"Geneva, Florida",Marketing representative,14,9,24.0,2.0,1.0
Tenley Molzahn,"Newberg, Oregon",College admissions,14,8,26.0,0.0,0.8888888888888888
Gia Allemand,"New York, New York", Swimsuit model,14,7,27.0,1.0,0.7777777777777778
Ali Fedotowsky,"Williamstown, Massachusetts",Advertising account manager,14,6,26.0,0.0,0.6666666666666666
Corrie Adamson,"Kissimmee, Florida",Wardrobe consultant,14,5,24.0,2.0,0.5555555555555556
Ashleigh Hunt,"North Potomac, Maryland",Account manager,14,4,26.0,0.0,0.4444444444444444
Jessie Sulidis,"Oakville, Ontario",Cosmetic sales manager,14,4,26.0,0.0,0.4444444444444444
Kathryn Sherlock,"Lexington, Kentucky",Corporate flight attendant,14,4,26.0,0.0,0.4444444444444444
Ella Nolan,"La Follette, Tennessee",Hair stylist,14,4,31.0,5.0,0.4444444444444444
Elizabeth Kitt,"Imperial, Nebraska",Nanny,14,3,30.0,4.0,0.3333333333333333
Valishia Savage,"San Bernardino, California",Homemaker,14,3,33.0,7.0,0.3333333333333333
Michelle Kujawa,"Anaheim, California",Office manager,14,3,27.0,1.0,0.3333333333333333
Ashley Elmore,"Pittsburgh, Pennsylvania",Teacher,14,2,29.0,3.0,0.2222222222222222
Christina McCasland,"San Diego, California",Restaurant manager,14,2,26.0,0.0,0.2222222222222222
Rozlyn Papa,"Richmond, Virginia",Model/Makeup artist,14,2,29.0,3.0,0.2222222222222222
"Alexa ""Lex"" McAllister","Galloway, Ohio",Entrepreneur,14,1,26.0,0.0,0.1111111111111111
Caitlyn McCabe,"Winfield, Illinois",Spokesmodel,14,1,25.0,1.0,0.1111111111111111
Channy Choch,"Santa Rosa, California",Mortgage loan officer,14,1,29.0,3.0,0.1111111111111111
Elizabeth Kreft,"Union, Kentucky","Captain, Air National Guard",14,1,31.0,5.0,0.1111111111111111
Emily Harkins,"West Chester, Ohio",Fitness model,14,1,24.0,2.0,0.1111111111111111
Kimberly Sullivan,"Norman, Oklahoma",NBA dancer,14,1,24.0,2.0,0.1111111111111111
Kirsten Pittman,"Aurora, Colorado",Waitress,14,1,26.0,0.0,0.1111111111111111
Sheila Lidner,"Scottsdale, Arizona",Commercial pilot,14,1,25.0,1.0,0.1111111111111111
Stephanie Mueller,"Morris, Illinois",Dance teacher,14,1,24.0,2.0,0.1111111111111111
Tiana Kruzel,"Calgary, Alberta",Medical technician,14,1,31.0,5.0,0.1111111111111111
Emily Maynard,"Morgantown, West Virginia",Children's Hospital Event Planner,15,11,25.0,8.0,1.0
Chantal O'Brien,"Mercer Island, Washington",Executive Assistant,15,10,29.0,4.0,0.9090909090909091
Ashley Hebert,"Madawaska, Maine",Dental Student,15,9,27.0,6.0,0.8181818181818182
Shawntel Newton,"Chico, California",Funeral Director,15,8,27.0,6.0,0.7272727272727273
Michelle Money,"Salt Lake City, Utah",Hair stylist,15,7,31.0,2.0,0.6363636363636364
Britt Billmaier,"Woodinville, Washington",Food writer,15,7,26.0,7.0,0.6363636363636364
Jackie Gordon,"Newport, Rhode Island",Artist,15,6,27.0,6.0,0.5454545454545454
Alli Travis,"Columbus, Ohio",Apparel merchant,15,6,25.0,8.0,0.5454545454545454
Lisa Morrisey,"Ottawa, Kansas",Marketing Coordinator,15,5,25.0,8.0,0.45454545454545453
Marissa May,"Mesa, Arizona",Sports Publicist,15,5,27.0,6.0,0.45454545454545453
Ashley Spivey,"Ellerbe, North Carolina",Nanny,15,5,27.0,6.0,0.45454545454545453
Lindsay Hill,"Plano, Texas",First grade teacher,15,4,26.0,7.0,0.36363636363636365
Meghan Merritt,"Princeton, New Jersey",Fashion Marketer,15,4,31.0,2.0,0.36363636363636365
Stacey Quirpel,"Quincy, Massachusetts",Bartender,15,4,26.0,7.0,0.36363636363636365
Kimberly Coon,"Orlando, Florida",Marketing Coordinator,15,3,29.0,4.0,0.2727272727272727
Sarah Powell,"Denver, Colorado",Real Estate Broker,15,3,27.0,6.0,0.2727272727272727
Madison Garton,"Vail, Colorado",Model,15,3,26.0,7.0,0.2727272727272727
Keltie Busch,"Sherwood Park, Alberta",Radio City Rockette,15,2,29.0,4.0,0.18181818181818182
Melissa Schreiber,"Westport, Connecticut",Waitress,15,2,33.0,0.0,0.18181818181818182
Raichel Goodyear,"Fullerton, California",Manscaper,15,2,30.0,3.0,0.18181818181818182
Britnee Marks,"Holland, Pennsylvania",Paralegal,15,1,26.0,7.0,0.09090909090909091
Cristy Caserta,"Davie, Florida", Attorney,15,1,31.0,2.0,0.09090909090909091
"Jessica ""J"" Adams","Seattle, Washington",Operations Manager,15,1,26.0,7.0,0.09090909090909091
Jill Ruskowski,"Frisco, Texas",Sales director,15,1,29.0,4.0,0.09090909090909091
Lacey Garbelman,"Tampa, Florida",Insurance agent,15,1,28.0,5.0,0.09090909090909091
Lauren Moore,"Culpeper, Virginia",High School Teacher,15,1,27.0,6.0,0.09090909090909091
Lisa Pastrich,"Dix Hills, New York",Sales Consultant,15,1,28.0,5.0,0.09090909090909091
Rebecca,"Mission Viejo, California",Esthetician,15,1,30.0,3.0,0.09090909090909091
Renee Halpin,"Palos Hills, Illinois",Nanny,15,1,29.0,4.0,0.09090909090909091
Sarah Ledtke,"Saginaw, Michigan",Musical Theatre Performer,15,1,26.0,7.0,0.09090909090909091
Courtney Robertson,"Scottsdale, Arizona",Model,16,11,29.0,5.0,1.0
Lindzi Cox,"Newcastle, Washington",Business development manager,16,10,28.0,4.0,0.9090909090909091
Nicki Sterling,"Hurst, Texas",Dental hygienist,16,9,26.0,2.0,0.8181818181818182
Kacie Boguskie,"Clarksville, Tennessee",Administrative assistant,16,8,25.0,1.0,0.7272727272727273
Emily O'Brien,"Chapel Hill, North Carolina",PhD Student,16,7,28.0,4.0,0.6363636363636364
Rachel Truehart,"Southampton, Massachusetts",Fashion sales representative,16,7,28.0,4.0,0.6363636363636364
Jamie Otis,"Dryden, New York",Registered nurse,16,6,26.0,2.0,0.5454545454545454
Casey Shteamer,"Leawood, Kansas",Trading clerk,16,6,27.0,3.0,0.5454545454545454
Blakeley Jones,"Rutherfordton, North Carolina",VIP cocktail waitress,16,6,35.0,11.0,0.5454545454545454
Jennifer Fritsch,"Cache, Oklahoma",Accountant,16,5,29.0,5.0,0.45454545454545453
Elyse Myers,"Chicago, Illinois",Personal trainer,16,5,25.0,1.0,0.45454545454545453
Monica Spannbauer,"Yuba, California",Dental consultant,16,4,34.0,10.0,0.36363636363636365
Samantha Levey,"Pittsburgh, Pennsylvania",Advertising account manager,16,4,27.0,3.0,0.36363636363636365
Jaclyn Swartz,"Newton, Massachusetts",Advertising account manager,16,3,28.0,4.0,0.2727272727272727
Erika Uhlig,"Charlottesville, Virginia",Law student,16,3,24.0,0.0,0.2727272727272727
Brittney Schreiner,"Colorado Springs, Colorado",Medical sales representative,16,3,27.0,3.0,0.2727272727272727
Shawn Reynolds,"Cincinnati, Ohio",Financial advisor,16,2,29.0,5.0,0.18181818181818182
Jenna Burke,"Loveland, Ohio",Blogger,16,2,28.0,4.0,0.18181818181818182
Amber Bacon,"Port Coquitlam, British Columbia",Labor and delivery nurse,16,1,23.0,1.0,0.09090909090909091
Amber Tierney,"Waverly, Nebraska",Critical care nurse,16,1,28.0,4.0,0.09090909090909091
Anna Snowball,"Detroit, Michigan",Student,16,1,25.0,1.0,0.09090909090909091
Dianna Martinez,"San Gabriel, California",Nonprofit director,16,1,31.0,7.0,0.09090909090909091
Holly Johnson,"Salyersville, Kentucky",Pharmaceutical sales representative,16,1,34.0,10.0,0.09090909090909091
Lyndsie James,"London, England",Internet entrepreneur,16,1,29.0,5.0,0.09090909090909091
Shira Astrof,"Massapequa Park, New York",Actress,16,1,35.0,11.0,0.09090909090909091
Catherine Giudici,"Seattle, Washington",Graphic Designer,17,11,27.0,4.0,1.0
Lindsay Yenter,"Fort Bragg, North Carolina",Substitute Teacher,17,10,25.0,2.0,0.9090909090909091
AshLee Frazier,"Houston, Texas",Personal Organizer,17,9,33.0,10.0,0.8181818181818182
Desiree Hartsock,"Northglenn, Colorado",Bridal Stylist,17,8,27.0,4.0,0.7272727272727273
Lesley Murphy,"Fort Smith, Arkansas",Political Consultant,17,7,26.0,3.0,0.6363636363636364
Tierra LiCausi,"Las Vegas, Nevada",Leasing Consultant,17,7,25.0,2.0,0.6363636363636364
Daniella McBride,"Belmont, California",Commercial Casting Associate,17,6,25.0,2.0,0.5454545454545454
Selma Alameri,"Borrego Springs, California",Real Estate Dealer,17,6,31.0,8.0,0.5454545454545454
Sarah Herron,"Evergreen, Colorado",Advertising Executive,17,6,27.0,4.0,0.5454545454545454
Robyn Howard,"Topeka, Kansas",Oil Field Account Manager,17,5,25.0,2.0,0.45454545454545453
Jackie Parr,"Ormond Beach, Florida",Cosmetics Consultant,17,5,26.0,3.0,0.45454545454545453
Amanda Meyer,"Bakersfield, California",Fit Model,17,4,27.0,4.0,0.36363636363636365
Leslie Hughes,"Ruskin, Florida",Poker Dealer,17,4,30.0,7.0,0.36363636363636365
Kristy Kaminski,"Darien, Wisconsin",Model,17,3,26.0,3.0,0.2727272727272727
Taryn Daniels,"Troutdale, Oregon",Health Club Manager,17,3,31.0,8.0,0.2727272727272727
Brooke Burchette,"Pittsburgh, Pennsylvania",Community Organizer,17,2,25.0,2.0,0.18181818181818182
Diana Weeks-Willardson,"Sandy, Utah",Salon Owner,17,2,32.0,9.0,0.18181818181818182
Katie Levans,"Woodstock, Illinois",Yoga Instructor,17,2,28.0,5.0,0.18181818181818182
Ashley Harper,"Garner, North Carolina",Fashion Model,17,1,25.0,2.0,0.09090909090909091
Ashley Palenkas,"Macomb, Michigan",Hair Stylist,17,1,29.0,6.0,0.09090909090909091
Kelly Dutton,"Chattanooga, Tennessee",Cruise Ship Entertainer,17,1,29.0,6.0,0.09090909090909091
Keriann Miranda,"Agoura Hills, California",Entrepreneur,17,1,30.0,7.0,0.09090909090909091
Lacey Latka,"Valencia, California",Graduate Student,17,1,25.0,2.0,0.09090909090909091
Lauren Marchetti,"Cranston, Rhode Island",Journalist,17,1,28.0,5.0,0.09090909090909091
Paige Vigil,"Minnetonka, Minnesota",Jumbotron Operator,17,1,26.0,3.0,0.09090909090909091
Nikki Ferrell,"Kearney, Missouri",Pediatric Nurse,18,11,28.0,2.0,1.0
Clare Crawley,"Sacramento, California",Hairstylist,18,10,33.0,7.0,0.9090909090909091
Andi Dorfman,"Buckhead, Georgia",Assistant District Attorney,18,9,27.0,1.0,0.8181818181818182
Renee Oteri,"Martha's Vineyard, Massachusetts",Real Estate Agent,18,8,33.0,7.0,0.7272727272727273
Chelsie Webster,"Lexington, Ohio",Science Educator,18,7,25.0,1.0,0.6363636363636364
Sharleen Joynt,"Ottawa, Ontario",Opera Singer,18,7,30.0,4.0,0.6363636363636364
Kat Hurd,"Iowa City, Iowa",Medical Sales Representative,18,6,30.0,4.0,0.5454545454545454
Cassandra Ferguson,"Shelby Charter Township, Michigan",Former NBA Dancer,18,6,23.0,3.0,0.5454545454545454
Alli Restko,"Orland Park, Illinois",Nanny,18,5,28.0,2.0,0.45454545454545453
Danielle Ronco,"Litchfield, Illinois",Psychiatric Nurse,18,5,26.0,0.0,0.45454545454545453
Kelly Travis,"Conyers, Georgia",Dog Lover,18,5,28.0,2.0,0.45454545454545453
Elise Mosca,"Forty Fort, Pennsylvania",First Grade Teacher,18,4,28.0,2.0,0.36363636363636365
Lauren Solomon,"Clinton, Michigan",Music Composer,18,4,27.0,1.0,0.36363636363636365
Christy Hansen,"Aurora, Illinois",Marketing Manager,18,3,26.0,0.0,0.2727272727272727
"Lucinda ""Lucy"" Aragon","Santa Barbara, California",Free Spirit,18,3,26.0,0.0,0.2727272727272727
Amy Long,"Clermont, Florida",Local News Reporter,18,2,28.0,2.0,0.18181818181818182
Chantel Forrest,"Miami, Florida",Account Manager,18,2,28.0,2.0,0.18181818181818182
Victoria Lima,"Porto Alegre, Brazil",Legal Assistant,18,2,24.0,2.0,0.18181818181818182
Alexis Morgado,"Tampa, Florida",Communications Director,18,1,26.0,0.0,0.09090909090909091
Amy Jokinen,"Apopka, Florida",Massage Therapist,18,1,33.0,7.0,0.09090909090909091
Ashley Poe,"Roanoke, Texas",Grade School Teacher,18,1,27.0,1.0,0.09090909090909091
Christine Llano,"Miami, Florida",Police Support Specialist,18,1,25.0,1.0,0.09090909090909091
Kylie Lewis,"Rockford, Illinois",Interior Designer,18,1,24.0,2.0,0.09090909090909091
Lacy Faddoul,"Antelope Acres, California",Nursing Home Owner,18,1,26.0,0.0,0.09090909090909091
Lauren Higginson,"Edmond, Oklahoma",Mineral Coordinator,18,1,26.0,0.0,0.09090909090909091
Maggie Gantt,"Wagener, South Carolina",Personal Banker,18,1,26.0,0.0,0.09090909090909091
Valerie Eredia,"Sutter, California",Personal Trainer,18,1,28.0,2.0,0.09090909090909091
Whitney Bischoff,"Louisville, Kentucky",Fertility Nurse,19,11,30.0,4.0,1.0
Becca Tilley,"Shreveport, Louisiana",Chiropractic Assistant,19,10,27.0,1.0,0.9090909090909091
Kaitlyn Bristowe,"Leduc, Alberta",Dance Instructor,19,9,30.0,4.0,0.8181818181818182
Jade Roper,"Gering, Nebraska",Cosmetics Developer,19,8,29.0,3.0,0.7272727272727273
Carly Waddell,"Arlington, Texas",Cruise Ship Singer,19,7,30.0,4.0,0.6363636363636364
Britt Nilsson,"Detroit, Michigan",Waitress,19,7,28.0,2.0,0.6363636363636364
Megan Bell,"Nashville, Tennessee",Make-Up Artist,19,6,26.0,0.0,0.5454545454545454
Kelsey Poe,"Hudsonville, Michigan",Guidance Counselor,19,6,29.0,3.0,0.5454545454545454
Ashley Iaconetti,"Great Falls, Virginia",Nanny/Freelance Journalist,19,6,27.0,1.0,0.5454545454545454
Mackenzie Deonigi,"Maple Valley, Washington",Dental Assistant,19,5,22.0,4.0,0.45454545454545453
Samantha Steffen,"Indianapolis, Indiana",Fashion Designer,19,5,28.0,2.0,0.45454545454545453
Ashley Salter,"Vinings, Georgia",Hair Stylist,19,4,25.0,1.0,0.36363636363636365
Juelia Kinney,"Portland, Oregon",Esthetician,19,4,31.0,5.0,0.36363636363636365
Nikki Delventhal,"Hasbrouck Heights, New Jersey",Former NFL Cheerleader,19,4,26.0,0.0,0.36363636363636365
Jillian Anderson,"Howland, Ohio",News Producer,19,4,26.0,0.0,0.36363636363636365
Amber James,"Kankakee, Illinois",Bartender,19,3,30.0,4.0,0.2727272727272727
Tracy Darakis,"Wellington, Florida",Fourth Grade Teacher,19,3,30.0,4.0,0.2727272727272727
Trina Scherenberg,"Algonquin, Illinois",Special Education Teacher,19,3,34.0,8.0,0.2727272727272727
Alissa Giambrone,"Hamilton, New Jersey",Flight Attendant,19,2,25.0,1.0,0.18181818181818182
Jordan Branch,"Windsor, Colorado",Student,19,2,24.0,2.0,0.18181818181818182
Kimberly Sherbach,"Wantagh, New York",Yoga Instructor,19,1,29.0,3.0,0.09090909090909091
Tandra Steiner,"Sandy, Utah",Executive Assistant,19,2,31.0,5.0,0.18181818181818182
Tara Eddings,"Fort Lauderdale, Florida",Sport Fishing Enthusiast,19,2,27.0,1.0,0.18181818181818182
Amanda Goerlitz,"Lake in the Hills, Illinois",Ballet Teacher,19,1,25.0,1.0,0.09090909090909091
Bo Stanley,"Carpinteria, California",Plus-Size Model,19,1,26.0,0.0,0.09090909090909091
Brittany Fetkin,"Temecula, California",WWE Diva-in-Training,19,1,27.0,1.0,0.09090909090909091
Kara Wilson,"Brownsville, Kentucky",High School Soccer Coach,19,1,25.0,1.0,0.09090909090909091
Michelle Davis,"Provo, Utah",Wedding Cake Baker,19,1,25.0,1.0,0.09090909090909091
Nicole Meacham,"Scottsdale, Arizona",Real Estate Agent,19,1,31.0,5.0,0.09090909090909091
Reegan Cornwell,"Manhattan Beach, California",Cadaver Tissue Saleswoman,19,1,29.0,3.0,0.09090909090909091
"Helene Eksterowicz
","Gloucester, New Jersey
","School psychologist
",2,8,27.0,7.0,1.0
"Brooke Smith
","Albertville, Alabama
","College student
",2,7,22.0,12.0,0.875
"Gwen Gioia
","Philadelphia, Pennsylvania
","Executive recruiter
",2,6,31.0,3.0,0.75
"Angela Vaught
","Kansas City, Missouri
","Registered nurse
",2,5,27.0,7.0,0.625
"Hayley Crittenden
","Lake Oswego, Oregon
","Retail manager
",2,4,28.0,6.0,0.5
"Heather Cranford
","Dallas, Texas
","Flight attendant
",2,4,30.0,4.0,0.5
"Christi Weible
","Boise, Idaho
","Assistant financial advisor
",2,3,23.0,11.0,0.375
"Heather Campion
","Walnut Creek, California
","Marriage therapy trainee
",2,3,24.0,10.0,0.375
"Kyla Dickerson
","Midvale, Utah
","Airline supervisor
",2,3,22.0,12.0,0.375
"Shannon Fries
","Long Island, New York
","Graphic artist
",2,3,26.0,8.0,0.375
"Dana Norris
","Beverly Hills, California
","Radio sales
",2,2,24.0,10.0,0.25
"Erin B.
","Westchester, Pennsylvania
","Publications quality control
",2,2,25.0,9.0,0.25
"Suzanne Freeman
","Redondo Beach, California
","Flight attendant
",2,2,33.0,1.0,0.25
"Frances Dinglasan
","San Francisco, California
","Strategic planning analyst
",2,2,30.0,4.0,0.25
"Anindita Dutta
","New York, New York
","Attorney
",2,2,27.0,7.0,0.25
"Amber West
","Chapel Hill, North Carolina
","Psychologist
",2,1,26.0,8.0,0.125
"Camille Langfield
","Los Angeles, California
","Actress
",2,1,29.0,5.0,0.125
"Cari
","Granite City, Illinois
","Teacher
",2,1,29.0,5.0,0.125
"Christy
","Avondale, Arizona
","Radiological technologist
",2,1,24.0,10.0,0.125
"Erin
","Houston, Texas
","Interior designer
",2,1,24.0,10.0,0.125
"Fatima Rivas
","Long Beach, California
","College student
",2,1,22.0,12.0,0.125
"Liangy Fernandez
","Coral Gables, Florida
","Paralegal
",2,1,30.0,4.0,0.125
"Lori Todd
","Dallas, Texas
","Former NBA cheerleader
",2,1,26.0,8.0,0.125
"Merrilee Donahue
","Forked River, New Jersey
","Teacher
",2,1,28.0,6.0,0.125
"Suzi Reid
","Richmond, Virginia
","Communications specialist
",2,1,28.0,6.0,0.125
Lauren Bushnell,"West Linn, Oregon",Flight Attendant,20,11,26.0,6.0,1.0
"Joelle ""JoJo"" Fletcher","Dallas, Texas",Real Estate Developer,20,10,26.0,6.0,0.9090909090909091
Caila Quinn,"Hudson, Ohio",Software Sales Representative,20,9,25.0,5.0,0.8181818181818182
Amanda Stanton,"Laguna Beach, California",Esthetician,20,8,26.0,6.0,0.7272727272727273
Emily Ferguson,"Las Vegas, Nevada",Waitress/Twin,20,7,24.0,4.0,0.6363636363636364
Lauren Himle,"Dexter, Michigan",Kindergarten Teacher,20,6,26.0,6.0,0.5454545454545454
Olivia Caridi,"Austin, Texas",Former News Anchor,20,6,24.0,4.0,0.5454545454545454
Leah Block,"Aurora, Colorado",Event Planner,20,6,26.0,6.0,0.5454545454545454
Jennifer Saviano,"Davie, Florida",Small Business Owner,20,5,27.0,7.0,0.45454545454545453
Jubilee Sharpe,"Fort Lauderdale, Florida",War Veteran,20,5,25.0,5.0,0.45454545454545453
Rachel Tchen,"Little Rock, Arkansas",Unemployed,20,4,24.0,4.0,0.36363636363636365
Haley Ferguson,"Las Vegas, Nevada",Waitress/Twin,20,4,24.0,4.0,0.36363636363636365
Jami Letain,"St. Albert, Alberta",Bartender,20,3,24.0,4.0,0.2727272727272727
Shushanna Mkrtychyan,"Salt Lake City, Utah",Property manager,20,3,28.0,8.0,0.2727272727272727
Lace Morris,"Denver, Colorado",Real Estate Agent,20,3,27.0,7.0,0.2727272727272727
"Amanda ""Mandi"" Kremer","Portland, Oregon",Dentist,20,2,30.0,10.0,0.18181818181818182
"Jacqueline ""Jackie"" Dion","Newport Beach, California",Gerontologist,20,2,24.0,4.0,0.18181818181818182
Samantha Passmore,"New Smyrna Beach, Florida",Attorney,20,2,28.0,8.0,0.18181818181818182
"Lauren ""LB"" Barr","Stillwater, Oklahoma",Fashion Buyer,20,2,24.0,4.0,0.18181818181818182
Breanne Rice,"Seattle, Washington",Nutritional Therapist,20,1,31.0,11.0,0.09090909090909091
Izzy Goodkind,"Branford, Connecticut",Graphic Designer,20,1,26.0,6.0,0.09090909090909091
Jessica Moser,"Boca Raton, Florida",Accountant,20,1,24.0,4.0,0.09090909090909091
Laura Esselman,"Louisville, Kentucky",Account Executive,20,1,25.0,5.0,0.09090909090909091
Lauren Russell,"Houston, Texas",Math Teacher,20,1,27.0,7.0,0.09090909090909091
Maegan Miller,"Visalia, California",Cowgirl,20,1,31.0,11.0,0.09090909090909091
Tiara Soleim,"Redmond, Washington",Chicken Enthusiast,20,1,28.0,8.0,0.09090909090909091
Vanessa Grimaldi,"Montreal, Quebec",Special Education Teacher,21,11,30.0,0.0,1.0
Raven Gates,"Hoxie, Arkansas",Fashion Boutique Owner,21,10,26.0,4.0,0.9090909090909091
Rachel Lindsay,"Dallas, Texas",Attorney,21,9,32.0,2.0,0.8181818181818182
Corinne Olympios,"Miami, Florida",Business Owner,21,8,26.0,4.0,0.7272727272727273
Kristina Schulman,"Lexington, Kentucky",Dental Hygienist,21,7,26.0,4.0,0.6363636363636364
Danielle Maltby,"Germantown, Wisconsin",Neonatal Nurse,21,7,32.0,2.0,0.6363636363636364
Danielle Lombard,"Los Angeles, California",Small Business Owner,21,6,29.0,1.0,0.5454545454545454
Whitney Fransway,"Chanhassen, Minnesota",Pilates Instructor,21,6,26.0,4.0,0.5454545454545454
Jasmine Goode,"Maplewood, New Jersey",Pro Basketball Dancer,21,6,30.0,0.0,0.5454545454545454
Alexis Waters,"Secaucus, New Jersey",Aspiring Dolphin Trainer,21,5,24.0,6.0,0.45454545454545453
Jaimi King,"New Orleans, Louisiana",Chef,21,5,29.0,1.0,0.45454545454545453
Josephine Tutman,"Santa Cruz, California",Unemployed Nurse,21,5,25.0,5.0,0.45454545454545453
Taylor Nolan,"Seattle, Washington",Mental Health Counselor,21,5,24.0,6.0,0.45454545454545453
Astrid Loch,"Tampa, Florida",Plastic Surgery Office Manager,21,4,27.0,3.0,0.36363636363636365
Sarah Vendal,"Newport Beach, California",Grade School Teacher,21,4,27.0,3.0,0.36363636363636365
Brittany Farrar,"Santa Monica, California",Travel Nurse,21,3,27.0,3.0,0.2727272727272727
Christen Whitney,"Tulsa, Oklahoma",Wedding Videographer,21,3,26.0,4.0,0.2727272727272727
Dominique Alexis,"Los Angeles, California",Restaurant Server,21,3,27.0,3.0,0.2727272727272727
Elizabeth Whitelaw,"New Trier, Illinois",Marketing Manager,21,2,26.0,4.0,0.18181818181818182
Hailey Merkt,"Vancouver, British Columbia",Photographer,21,2,25.0,5.0,0.18181818181818182
Lacey Mark,"Montville, New Jersey",Digital Marketing Manager,21,2,27.0,3.0,0.18181818181818182
"Elizabeth ""Liz"" Sandoz","Scottsbluff, Nebraska",Doula,21,2,30.0,0.0,0.18181818181818182
Angela Amezcua,"Greenville, South Carolina",Model,21,1,28.0,2.0,0.09090909090909091
Briana Guertler,"Salt Lake City, Utah",Surgical Unit Nurse,21,1,30.0,0.0,0.09090909090909091
Ida Marie DeLosSantos,"Harlingen, Texas",Sales Manager,21,1,24.0,6.0,0.09090909090909091
Jasmine Brown,"Tacoma, Washington",Flight Attendant,21,1,26.0,4.0,0.09090909090909091
Lauren Hussey,"Naples, Florida",Law School Graduate,21,1,31.0,1.0,0.09090909090909091
Olivia Burnette,"Anchorage, Alaska",Apparel Sales Representative,21,1,26.0,4.0,0.09090909090909091
Michelle Ramkissoon,"Los Angeles, California",Food Truck Owner,21,1,24.0,6.0,0.09090909090909091
Susannah Milan,"San Diego, California",Account Manager,21,1,27.0,3.0,0.09090909090909091
Becca Kufrin,"Prior Lake, Minnesota",Publicist,22,11,28.0,2.0,1.0
Lauren Burnham,"Virginia Beach, Virginia",Technology Salesperson,22,10,27.0,3.0,0.9090909090909091
Kendall Long,"Santa Clarita, California",Creative Director,22,9,27.0,3.0,0.8181818181818182
Tia Booth,"Weiner, Arkansas",Physical Therapist,22,8,27.0,3.0,0.7272727272727273
Bekah Martinez,"Clovis, California",Nanny,22,7,23.0,7.0,0.6363636363636364
Seinne Fleming,"Long Beach, California",Commercial Real Estate Manager,22,7,28.0,2.0,0.6363636363636364
Jacqueline Trumbull,"Morgantown, West Virginia",Real Estate Coordinator,22,7,27.0,3.0,0.6363636363636364
Chelsea Roy,"South Portland, Maine",Real Estate Executive Assistant,22,6,30.0,0.0,0.5454545454545454
Jenna Cooper,"Upland, Indiana",Social Media Manager,22,6,29.0,1.0,0.5454545454545454
Krystal Nielson,"Missoula, Montana",Fitness Coach,22,6,31.0,1.0,0.5454545454545454
Ashley Luebke,"West Palm Beach, Florida",Real Estate Agent,22,5,26.0,4.0,0.45454545454545453
Maquel Cooper,"American Fork, Utah",Photographer,22,5,24.0,6.0,0.45454545454545453
Marikh Mathias,"Salt Lake City, Utah",Restaurant Owner,22,5,28.0,2.0,0.45454545454545453
Brittany Taylor,"Belton, South Carolina",Tech Recruiter,22,4,31.0,1.0,0.36363636363636365
Caroline Lunny,"Holliston, Massachusetts",Realtor,22,4,28.0,2.0,0.36363636363636365
Bibiana Julian,"Miami, Florida",Executive Assistant,22,3,31.0,1.0,0.2727272727272727
Annaliese Puccini,"San Mateo, California",Event Designer,22,3,34.0,4.0,0.2727272727272727
Lauren Schleyer,"Dallas, Texas",Social Media Manager,22,3,32.0,2.0,0.2727272727272727
"Jennifer ""Jenny"" Delaney","Northbrook, Illinois",Graphic Designer,22,2,26.0,4.0,0.18181818181818182
Lauren Griffin,"Indianapolis, Indiana",Executive Recruiter,22,2,27.0,3.0,0.18181818181818182
Valerie Biles,"Nashville, Tennessee",Server,22,2,25.0,5.0,0.18181818181818182
"Alison ""Ali"" Harrington","Lawton, Oklahoma",Personal Stylist,22,1,28.0,2.0,0.09090909090909091
Amber Wilkerson,"Denver, Colorado",Business Owner,22,1,30.0,0.0,0.09090909090909091
"Brianna ""Bri"" Amaranthus","Grants Pass, Oregon",Sports Reporter,22,1,26.0,4.0,0.09090909090909091
Brittane Johnson,"San Diego, California",Marketing Manager,22,1,28.0,2.0,0.09090909090909091
Jessica Carroll,"Calgary, Alberta",Television Host,22,1,28.0,2.0,0.09090909090909091
Lauren Jarreau,"New Roads, Louisiana",Recent Master's Graduate,22,1,34.0,4.0,0.09090909090909091
Nysha Norris,"Anderson, South Carolina",Orthopedic Nurse,22,1,31.0,1.0,0.09090909090909091
Olivia Goethals,"Geneseo, Illinois",Marketing Associate,22,1,25.0,5.0,0.09090909090909091
Cassie Randolph,"Huntington Beach, California",Speech Pathologist,23,11,24.0,4.0,1.0
Hannah Godwin,"Birmingham, Alabama",Content Creator,23,9,24.0,4.0,0.8181818181818182
Tayshia Adams,"Santa Ana, California",Phlebotomist,23,9,29.0,9.0,0.8181818181818182
Caelynn Miller-Keyes,"Fredericksburg, Virginia",Miss North Carolina USA 2018,23,8,24.0,4.0,0.7272727272727273
Kirpa Sudick,"Whittier, California",Dental Hygienist,23,7,27.0,7.0,0.6363636363636364
Heather Martin,"Carlsbad, California",Assistant Program Manager,23,7,24.0,4.0,0.6363636363636364
Hannah Brown,"Tuscaloosa, Alabama",Miss Alabama USA 2018,23,7,25.0,5.0,0.6363636363636364
Katie Morton,"Oviedo, Florida",Medical Sales Representative,23,6,27.0,7.0,0.5454545454545454
Demi Burnett,"Red Oak, Texas",Interior Designer,23,6,24.0,4.0,0.5454545454545454
Sydney Lotuaco,"Virginia Beach, Virginia",NBA Dancer,23,6,28.0,8.0,0.5454545454545454
Nicole Lopez-Alvar,"Miami, Florida",Social Media Coordinator,23,5,27.0,7.0,0.45454545454545453
Onyeka Ehie,"Dallas, Texas",IT Risk Consultant,23,5,25.0,5.0,0.45454545454545453
Elyse Dehlbom,"Soldotna, Alaska",Makeup Artist,23,5,32.0,12.0,0.45454545454545453
Courtney Curtis,"McDonough, Georgia",Caterer,23,4,24.0,4.0,0.36363636363636365
Tracy Shapoff,"Los Angeles, California",Wardrobe Stylist,23,4,33.0,13.0,0.36363636363636365
"Brianna ""Bri"" Barnes","Los Angeles, California",Model,23,3,25.0,5.0,0.2727272727272727
Catherine Agro,"Fort Lauderdale, Florida",DJ,23,3,28.0,8.0,0.2727272727272727
Nina Bartula,"Raleigh, North Carolina",Sales Account Manager,23,3,30.0,10.0,0.2727272727272727
Caitlin Clemmens,"Toronto, Ontario",Realtor,23,3,26.0,6.0,0.2727272727272727
Alex Blumberg,"Vancouver, British Columbia",Dog Rescuer,23,2,30.0,10.0,0.18181818181818182
Angelique Sherman,"Hamilton, New Jersey",Marketing Sales Assistant,23,2,29.0,9.0,0.18181818181818182
Annie Reardon,"Mequon, Wisconsin",Financial Associate,23,2,24.0,4.0,0.18181818181818182
Erika McNutt,"Encinitas, California",Recruiter,23,2,26.0,6.0,0.18181818181818182
Alex Dillon,"Boston, Massachusetts",IT Account Manager,23,1,25.0,5.0,0.09090909090909091
Devin Gooden,"Medford, Oregon",Broadcast Journalist,23,1,25.0,5.0,0.09090909090909091
Erin Landry,"Plano, Texas",Home Improvement Employee,23,1,29.0,9.0,0.09090909090909091
Jane Averbukh,"West Hollywood, California",Social Worker,23,1,27.0,7.0,0.09090909090909091
Laura Pellerito,"Dallas, Texas",Accountant,23,1,27.0,7.0,0.09090909090909091
Revian Chang,"Santa Monica, California",Esthetician,23,1,25.0,5.0,0.09090909090909091
Tahzjuan Hawkins,"Castle Pines, Colorado",Business Development Associate,23,1,27.0,7.0,0.09090909090909091
Hannah Sluss,"Knoxville, Tennessee",Model,24,11,24.0,2.0,1.0
Madison Prewett,"Auburn, Alabama",Foster Parent Recruiter,24,10,24.0,2.0,0.9090909090909091
Victoria Fuller,"Virginia Beach, Virginia",Medical Sales Representative,24,9,27.0,5.0,0.8181818181818182
Kelsey Weier,"Des Moines, Iowa",Professional Clothier,24,8,29.0,7.0,0.7272727272727273
Kelley Flanagan,"Chicago, Illinois",Attorney,24,7,28.0,6.0,0.6363636363636364
Natasha Parker,"New York City, New York",Event Planner,24,7,32.0,10.0,0.6363636363636364
Mykenna Dorn,"Langely, British Columbia",Fashion Blogger,24,6,23.0,1.0,0.5454545454545454
Sydney Hightower,"Northport, Alabama",Retail Marketing Manager,24,6,25.0,3.0,0.5454545454545454
Tammy Ly,"Syracuse, New York",House Flipper,24,6,25.0,3.0,0.5454545454545454
Victoria Paul,"Alexandria, Louisiana",Nurse,24,6,28.0,6.0,0.5454545454545454
Lexi Buchanan,"Jacksonville, Florida",Marketing Coordinator,24,5,27.0,5.0,0.45454545454545453
Shiann Lewis,"Las Vegas, Nevada",Administrative Assistant,24,5,28.0,6.0,0.45454545454545453
Deandra Kanu,"Bar Harbor, Maine",Home Care Coordinator,24,4,24.0,2.0,0.36363636363636365
Kiarra Norman,"Kennesaw, Georgia",Nanny,24,4,24.0,2.0,0.36363636363636365
Savannah Mullins,"Houston, Texas",Realtor,24,4,28.0,6.0,0.36363636363636365
Alayah Benavidez,"San Antonio, Texas",Orthodontist Assistant,24,4,25.0,3.0,0.36363636363636365
Alexa Caves,"Springfield, Illinois",Esthetician,24,3,28.0,6.0,0.2727272727272727
Jasmine Nguyen,"Houston, Texas",Client Relations Manager,24,3,26.0,4.0,0.2727272727272727
Sarah Coffin,"Knoxville, Tennessee",Medical Radiographer,24,3,25.0,3.0,0.2727272727272727
Courtney Perry,"Venice, Florida",Cosmetologist,24,2,28.0,6.0,0.18181818181818182
Lauren Jones,"Glendale, California",Marketing Executive,24,2,28.0,6.0,0.18181818181818182
Payton Moran,"Wellesley, Massachusetts",Business Development Rep,24,2,25.0,3.0,0.18181818181818182
Avonlea Elkins,"Fort Worth, Texas",Cattle Rancher,24,1,28.0,6.0,0.09090909090909091
Eunice Cho,"Chicago, Illinois",Flight Attendant,24,1,24.0,2.0,0.09090909090909091
Jade Gilliland,"Mesa, Arizona",Flight Attendant,24,1,28.0,6.0,0.09090909090909091
Jenna Serrano,"New Lenox, Illinois",Nursing Student,24,1,24.0,2.0,0.09090909090909091
Katrina Badowski,"Chicago, Illinois",Professional NBA Dancer,24,1,29.0,7.0,0.09090909090909091
Kylie Ramos,"Santa Monica, California",Entertaiment Sales Associate,24,1,27.0,5.0,0.09090909090909091
Maurissa Gunn,"Laurel, Montana",Patient Care Coordinator,24,1,24.0,2.0,0.09090909090909091
Megan Hops,"San Francisco, California",Flight Attendant,24,1,27.0,5.0,0.09090909090909091
Rachael Kirkconnell,"Cumming, Georgia",Graphic Designer,25,11,25.0,2.0,1.0
Michelle Young,"Edina, Minnesota",Teacher,25,10,28.0,5.0,0.9090909090909091
Bri Springs,"San Francisco, California",Communications Manager,25,9,26.0,3.0,0.8181818181818182
Serena Pitt,"Markham, Ontario",Publicist,25,8,24.0,1.0,0.7272727272727273
Pieper James,"Happy Valley, Oregon",Graduate Student,25,7,24.0,1.0,0.6363636363636364
Jessenia Cruz,"El Paso, Texas",Social Media Marketer,25,7,29.0,6.0,0.6363636363636364
Kit Keenan,"New York City, New York",Socialite,25,7,22.0,1.0,0.6363636363636364
Abigail Heringer,"Salem, Oregon",Client Financial Manager,25,7,26.0,3.0,0.6363636363636364
Chelsea Vaughn,"Marietta, Georgia",Runway Model,25,6,29.0,6.0,0.5454545454545454
Serena Chew,"San Francisco, California",Flight Attendant,25,6,25.0,2.0,0.5454545454545454
Katie Thurston,"Renton, Washington",Bank Marketing Manager,25,6,30.0,7.0,0.5454545454545454
Brittany Galvin,"Hinsdale, Illinois",Model,25,5,24.0,1.0,0.45454545454545453
"Mearg ""Magi"" Tareke","Washington, D.C.",Pharmacist,25,5,33.0,10.0,0.45454545454545453
Ryan Claytor,"Mechanicsville, Virginia",Choreographer,25,5,27.0,4.0,0.45454545454545453
MJ Snyder,"Hudson, Ohio",Hairstylist,25,5,25.0,2.0,0.45454545454545453
Catalina Morales,"Caguas, Puerto Rico",Former Miss Puerto Rico,25,4,31.0,8.0,0.36363636363636365
Lauren Maddox,"Miami, Florida",Corporate Attorney,25,4,30.0,7.0,0.36363636363636365
"Mariela ""Mari"" Pepin","Severn, Maryland",Marketing Director,25,4,25.0,2.0,0.36363636363636365
Victoria Larson,"Los Angeles, California",Queen,25,4,28.0,5.0,0.36363636363636365
Anna Redman,"Owatonna, Minnesota",Copywriter,25,4,25.0,2.0,0.36363636363636365
Kaili Anderson,"Chicago, Illinois",Hostess,25,3,27.0,4.0,0.2727272727272727
Khaylah Epps,"Durham, North Carolina",Healthcare Advocate,25,3,29.0,6.0,0.2727272727272727
Kim Li,"Los Angeles, California",ICU Nurse,25,3,29.0,6.0,0.2727272727272727
Sarah Trott,"San Diego, California",Broadcast Journalist,25,3,25.0,2.0,0.2727272727272727
Alana Milne,"Toronto, Ontario",Photographer,25,2,27.0,4.0,0.18181818181818182
Illeana Pennetto,"South Salem, New York",Health Food Developer,25,2,27.0,4.0,0.18181818181818182
Kristin Hopkins,"Virginia Beach, Virginia",Attorney,25,2,28.0,5.0,0.18181818181818182
Marylynn Sienna,"Huntington Beach, California",Event Coordinator,25,2,29.0,6.0,0.18181818181818182
Sydney Johnson,"Franklin, Tennessee",Marketing Specialist,25,2,29.0,6.0,0.18181818181818182
Alicia Holloway,"Morgantown, West Virginia",Professional Ballerina,25,1,25.0,2.0,0.09090909090909091
Amber Andrews,"Costa Mesa, California",Nursing Student,25,1,31.0,8.0,0.09090909090909091
Carolyn Vallejo,"Newburyport, Massachusetts",Journalist,25,1,31.0,8.0,0.09090909090909091
Casandra Suarez,"Lodi, California",Social Worker,25,1,27.0,4.0,0.09090909090909091
Corrinne Jones,"Pomfret, Connecticut",Marketing Manager,25,1,23.0,0.0,0.09090909090909091
Emani Curl,"Albuquerque, New Mexico",Realtor,25,1,26.0,3.0,0.09090909090909091
Kimberly Courneya,"Seattle, Washington",Airline Recruiter,25,1,30.0,7.0,0.09090909090909091
Saneh Ste Clare,"Denver, Colorado",IT Consultant,25,1,26.0,3.0,0.09090909090909091
Susie Evans,"Poquoson, Virginia",Wedding Videographer,26,10,29.0,7.0,1.0
Gabby Windey,"Denver, Colorado",ICU Nurse,26,9,31.0,9.0,0.9
Rachel Recchia,"Clermont, Florida",Flight Instructor,26,9,26.0,4.0,0.9
Serene Russell,"Oklahoma City, Oklahoma",Elementary School Teacher,26,8,27.0,5.0,0.8
Teddi Wright,"Redlands, California",Surgical Unit Nurse,26,7,26.0,4.0,0.7
Sarah Hamrick,"Spartanburg, South Carolina",Wealth Management Advisor,26,7,24.0,2.0,0.7
Genevieve Parisi,"Rehoboth, Massachusetts",Bartender,26,7,27.0,5.0,0.7
Eliza Isichei,"Tampa, Florida",Marketing Manager,26,6,26.0,4.0,0.6
Mara Agrait,"Collingswood, New Jersey",Entrepreneur,26,6,33.0,11.0,0.6
Hunter Haag,"Charlotte, North Carolina",Human Resource Specialist,26,5,30.0,8.0,0.5
Marlena Wesh,"Virginia Beach, Virginia",Former Olympian,26,5,31.0,9.0,0.5
Shanae Ankney,"Sycamore, Ohio",Recruiter,26,5,30.0,8.0,0.5
Jill Chin,"Scituate, Rhode Island",Architectural Historian,26,4,27.0,5.0,0.4
Lyndsey Windham,"Orange, Texas",Industrial Sales Representative,26,4,29.0,7.0,0.4
Sierra Jackson,"Oklahoma City, Oklahoma",Yoga Instructor,26,4,27.0,5.0,0.4
Elizabeth Corrigan,"Highlands Ranch, Colorado",Real Estate Advisor,26,3,33.0,11.0,0.3
Kira Mengistu,"Philadelphia, Pennsylvania",Physician,26,3,33.0,11.0,0.3
Melina Nasab,"West Hollywood, California",Personal Trainer,26,3,28.0,6.0,0.3
Ency Abedin,"Burbank, California",Sales Manager,26,2,29.0,7.0,0.2
Kate Gallivan,"Lake Hollywood, California",Real Estate Agent,26,2,33.0,11.0,0.2
Tessa Tookes,"Stamford, Connecticut",HR Specialist,26,2,27.0,5.0,0.2
Cassidy Timbrooks,"Cave Creek, Arizona",Executive Recruiter,26,2,27.0,5.0,0.2
Daria Rose,"Baldwin, New York",Law Student,26,1,25.0,3.0,0.1
Hailey Malles,"Orlando, Florida",Pediatric Nurse,26,1,27.0,5.0,0.1
Ivana Noble,"Snellville, Georgia",Bar Mitzvah Dancer,26,1,32.0,10.0,0.1
Jane Paik,"Los Angeles, California",Social Media Director,26,1,34.0,12.0,0.1
Lindsay Dobbs,"Warner Robins, Georgia",Neonatal nurse,26,1,28.0,6.0,0.1
Rianna Hockaday,"Mount Pleasant, Texas",Registered Nurse,26,1,28.0,6.0,0.1
Samantha Jeffries,"Dayton, Ohio",Occupational Therapist,26,1,27.0,5.0,0.1
Claire Heilig,"Virginia Beach, Virginia",Spray Tanner,26,1,30.0,8.0,0.1
"Kaitlyn ""Kaity"" Biggar","Kingston, Ontario",Travel Nurse,27,11,29.0,9.0,1.0
"Gabriella ""Gabi"" Elnicki","Pittsford, Vermont",Senior Account Executive,27,10,26.0,6.0,0.9090909090909091
Ariel Frenkel,"Manhattan, New York",Marketing Executive,27,9,29.0,9.0,0.8181818181818182
Charity Lawson,"Columbus, Georgia",Child and Family Therapist,27,8,28.0,8.0,0.7272727272727273
Katherine Izzo,"Tampa, Florida",Registered Nurse,27,7,27.0,7.0,0.6363636363636364
Brooklyn Willie,"Mineola, Texas",Rodeo Racer,27,7,26.0,6.0,0.6363636363636364
Greer Blitzer,"Bellaire, Texas",Medical Sales Representative,27,7,25.0,5.0,0.6363636363636364
"Alyssa ""Aly"" Jacobs","Smyrna, Georgia",Healthcare Strategist,27,6,27.0,7.0,0.5454545454545454
Jess Girod,"Winter Springs, Florida",E-Commerce Coordinator,27,6,24.0,4.0,0.5454545454545454
Kylee Russell,"Charlotte, North Carolina",Postpartum Nurse,27,5,26.0,6.0,0.45454545454545453
Mercedes Northup,"Bloomfield, Iowa",Nonprofit Case Manager,27,5,25.0,5.0,0.45454545454545453
Davia Bunch,"Roebuck, South Carolina",Marketing Manager,27,4,26.0,6.0,0.36363636363636365
Genevie Mayo,"Joppa, Maryland",Neonatal Nurse,27,4,27.0,7.0,0.36363636363636365
Anastasia Keramidas,"Baltimore, Maryland",Content Marketing Manager,27,4,31.0,11.0,0.36363636363636365
Christina Mandrell,"Hendersonville, Tennessee",Content Creator,27,3,28.0,8.0,0.2727272727272727
Brianna Thorbourne,Entrepreneur,"Jersey City, New Jersey",27,3,25.0,5.0,0.2727272727272727
Bailey Brown,"Brentwood, Tennessee",Executive Recruiter,27,3,28.0,8.0,0.2727272727272727
"Catherine ""Cat"" Wong","Long Island, New York",Professional Dancer,27,2,27.0,7.0,0.18181818181818182
Kimberly Gutierrez,"Stroudsburg, Pennsylvania",Hospitality Manager,27,2,31.0,11.0,0.18181818181818182
Victoria Jameson,"Keller, Texas",Professional Makeup Artist,27,2,31.0,11.0,0.18181818181818182
Becca Serrano,"Burbank, California",Nursing Student,27,1,27.0,7.0,0.09090909090909091
Cara Ammon,"McCandless, Pennsylvania",Corporate Recruiter,27,1,28.0,8.0,0.09090909090909091
Holland Parsons,"Boca Raton, Florida",Insurance Marketer,27,1,25.0,5.0,0.09090909090909091
Lekha Ravi,"Miami, Florida",Financial Advisor,27,1,30.0,10.0,0.09090909090909091
Olivia Lewis,"Churchville, New York",Patient Care Technician,27,1,25.0,5.0,0.09090909090909091
Olivia Miller,"Delphos, Ohio",Stylist,27,1,27.0,7.0,0.09090909090909091
Sonia Sharma,"Jericho, New York",Project Manager,27,1,30.0,10.0,0.09090909090909091
Vanessa Dinh,"Farmington Hills, Michigan",Restaurant Marketer,27,1,24.0,4.0,0.09090909090909091
Viktoria Eichner,"Chicago, Illinois",Nanny,27,1,30.0,10.0,0.09090909090909091
Madison Johnson,"Fargo, North Dakota",Business Owner,27,1,28.0,8.0,0.09090909090909091
Kelsey Anderson,"Leesville, Louisiana",Junior Project Manager,28,11,26.0,4.0,1.0
Daisy Kent,"Becker, Minnesota",Account Executive,28,10,26.0,4.0,0.9090909090909091
Rachel Nance,"Honolulu, Hawaii",ICU Nurse,28,9,27.0,5.0,0.8181818181818182
Maria Georgas,"Kleinburg, Ontario",Executive Assistant,28,8,30.0,8.0,0.7272727272727273
Jenn Tran,"Hillsdale, New Jersey",Physician Assistant Student,28,7,27.0,5.0,0.6363636363636364
Kelsey Toussant,"Inglewood, California",Actress,28,7,32.0,10.0,0.6363636363636364
Katelyn DeBacker,"Santa Fe, New Mexico",Radiochemist,28,6,27.0,5.0,0.5454545454545454
Lea Cayanan,"Waipahu, Hawaii",Account Manager,28,6,24.0,2.0,0.5454545454545454
Lexi Young,"Pataskala, Ohio",Digital Strategist,28,6,31.0,9.0,0.5454545454545454
Jess Edwards,"Erwin, Tennessee",Executive Assistant,28,6,25.0,3.0,0.5454545454545454
Autumn Waggoner,"De Soto, Missouri",Account Executive,28,5,27.0,5.0,0.45454545454545453
Madina Alam,"Johnstown, New York",Mental Health Therapist,28,5,32.0,10.0,0.45454545454545453
Allison Hollinger,"Dover, Delaware",Realtor,28,4,27.0,5.0,0.36363636363636365
Edwina Dorbor,"Maple Grove, Minnesota",Entrepreneur,28,4,26.0,4.0,0.36363636363636365
Sydney Gordon,"Newport, Rhode Island",Vintage Store Owner,28,4,29.0,7.0,0.36363636363636365
Chrissa Perez,"Abbotsford, British Columbia",Marketing Director,28,3,28.0,6.0,0.2727272727272727
Evalin Clark,"San Antonio, Texas",Nanny,28,3,30.0,8.0,0.2727272727272727
Starr Skyler,"Delray Beach, Florida",Mental Health Counselor,28,3,27.0,5.0,0.2727272727272727
Erika Cardenas,"North Bergen, New Jersey",Leasing Agent,28,2,26.0,4.0,0.18181818181818182
Marlena Haddad,"Waterbury, Connecticut",Finance Writer,28,2,28.0,6.0,0.18181818181818182
Taylor Wiens,"Olathe, Kansas",Recruiter,28,2,25.0,3.0,0.18181818181818182
Lauren Hollinger,"Dover, Delaware",Registered Nurse,28,2,29.0,7.0,0.18181818181818182
Chandler Dewgard,"Brooklyn, New York",Graphic Designer,28,1,25.0,3.0,0.09090909090909091
Kayla Rodgers,"Hamilton, Ohio",Guidance Counselor,28,1,29.0,7.0,0.09090909090909091
Kyra Brusch,"Miami, Florida",Paralegal,28,1,27.0,5.0,0.09090909090909091
Lanie Latsios,"Glen Mills, Pennsylvania",Realtor,28,1,28.0,6.0,0.09090909090909091
Nat Crepeau,"Sudbury, Ontario",Nursing Professor,28,1,27.0,5.0,0.09090909090909091
Sam Hale,"Melville, New York",CPA,28,1,32.0,10.0,0.09090909090909091
Samantha Washington,"Lincoln, Nebraska",Miami Dolphins Cheerleader,28,1,26.0,4.0,0.09090909090909091
Sandra Rabadi,"Strongsville, Ohio",Cybersecurity Consultant,28,1,27.0,5.0,0.09090909090909091
Talyah Jackson,"Huntington Beach, California",Esthetician,28,1,25.0,3.0,0.09090909090909091
Zoe Antona,"Roswell, Georgia",Artist,28,1,25.0,3.0,0.09090909090909091
"Jennifer Schefft
","Mentor, Ohio
","Publicist
",3,8,27.0,17.0,1.0
"Kirsten Buschbacher
","Valrico, Florida
","E-Commerce Merchant
",3,7,24.0,20.0,0.875
"Tina Panas
","Oconomowoc, Wisconsin
","Student
",3,6,23.0,21.0,0.75
"Cristina Costa
","Montclair, New Jersey
","Pharmaceutical sales consultant
",3,5,31.0,13.0,0.625
"Anne-Michelle
","Burbank, California
","Bartender/actress
",3,4,25.0,19.0,0.5
"Liz
","Chicago, Illinois
","Event marketing director
",3,4,23.0,21.0,0.5
"Aubree
","Las Vegas, Nevada
","Hair stylist
",3,3,26.0,18.0,0.375
"Heather
","Waltham, Massachusetts
","Student
",3,3,22.0,22.0,0.375
"Tina S.
","Nashville, Tennessee
","Event planner
",3,3,26.0,18.0,0.375
"Amy P.
","Charleston, South Carolina
","Massage therapist
",3,2,29.0,15.0,0.25
"Christina S.
","Palm Harbor, Florida
","Realtor
",3,2,24.0,20.0,0.25
"Elizabeth
","Bolingbrook, Illinois
","Child life specialist
",3,2,24.0,20.0,0.25
"Shannon
","New York, New York
","Human resources
",3,2,26.0,18.0,0.25
"Amy G.
","New York, New York
","Graphic designer
",3,1,24.0,20.0,0.125
"Brooke
","Jacksonville, Florida
","Student
",3,1,21.0,23.0,0.125
"Courtney
","San Anselmo, Texas
","Administrative assistant
",3,1,24.0,20.0,0.125
"Ginny
","Kansas City, Missouri
","Server
",3,1,25.0,19.0,0.125
"Jennifer B.
","New Port Richey, Florida
","Pharmacist
",3,1,26.0,18.0,0.125
"Kerri
","Los Angeles, California
","Corporate recruiter
",3,1,25.0,19.0,0.125
"Kristen
","Excelsior, Minnesota
","Real-estate sales
",3,1,29.0,15.0,0.125
"Stephanie
","Mount Pleasant, Tennessee
","Server
",3,1,21.0,23.0,0.125
"Tiffany Sandles
","Cuyahoga Falls, Ohio
","Mansion caretaker
",3,1,26.0,18.0,0.125
"Estella Gardinier
","Beverly Hills, California
","Mortgage Broker
",4,8,28.0,21.0,1.0
"Kelly Jo Kuharski
","Kalamazoo, Michigan
","Director of community relations
",4,7,24.0,25.0,0.875
"Mary Delgado
","Tampa, Florida
","Sales manager
",4,6,36.0,13.0,0.75
"Meredith Phillips
","Beaverton, Oregon
","Make-up artist
",4,5,29.0,20.0,0.625
"Brooke Bradford
","Bartlett, Tennessee
","Teacher
",4,4,24.0,25.0,0.5
"Lee-Ann Callebs
","Athens, Georgia
","Second-grade teacher
",4,4,24.0,25.0,0.5
"Antoinette Madonna
","Philadelphia, Pennsylvania
","Senior Account Manager
",4,3,30.0,19.0,0.375
"Jenny Hartgrove
","Austin, Texas
","Marketing Director
",4,3,30.0,19.0,0.375
"Karin Smith
","Brooklyn Park, Minnesota
","Mortgage Consultant
",4,3,32.0,17.0,0.375
"Misty
","Dallas, Texas
","Radio Promotions Assistant
",4,3,23.0,26.0,0.375
"Jennifer
","La Jolla, California
","Elementary School Teacher
",4,2,26.0,23.0,0.25
"Kristi Houston
","Chicago, Illinois
","Loan Processor
",4,2,24.0,25.0,0.25
"Lanah
","Poolesville, Maryland
","Event Coordinator
",4,2,27.0,22.0,0.25
"Lindsay D.
","Los Angeles, California
","Professional Dancer
",4,2,23.0,26.0,0.25
"Lindsay King
","Mauldin, South Carolina
","Pharmaceutical Sales
",4,1,25.0,24.0,0.125
"Christine
","Corona, California
","Administrative Assistant
",4,1,24.0,25.0,0.125
"Darla Whistler
","Gainesville, Florida
","Attorney
",4,1,26.0,23.0,0.125
"Julie
","Louisville, Kentucky
","Sales/Modeling
",4,1,29.0,20.0,0.125
"Lauren
","Redondo Beach, California
","Retail Buyer
",4,1,24.0,25.0,0.125
"Leona
","Chicago, Illinois
","Realtor's assistant
",4,1,25.0,24.0,0.125
"Samentha
","Chicago, Illinois
","Kitchen designer
",4,1,25.0,24.0,0.125
"Shea Deeds
","Shreveport, Lousiana
","Firefighter
",4,1,25.0,24.0,0.125
"Shelly
","Wanwatosa, Wisconsin
","Pharmaceutical Sales
",4,1,26.0,23.0,0.125
"Stacey
","Massillon, OH
","Hair stylist
",4,1,26.0,23.0,0.125
"Jessica Bowlin
","Huntington Beach, California
","Student
",5,8,22.0,21.0,1.0
"Tara Huckeby
","Shawnee, Oklahoma
","General contractor
",5,7,23.0,20.0,0.875
"Mandy Jeffreys
","Midland, Texas
","Architecture Designer
",5,6,26.0,17.0,0.75
"Trish Schneider
","Atlanta, Georgia
","Model
",5,5,28.0,15.0,0.625
"Karen Lindsay
","Pleasant Grove, Utah
","Pharmaceutical Salesperson
",5,4,28.0,15.0,0.5
"Suzie Williams
","Ann Arbor, Michigan
","Prosthetic Technician
",5,4,23.0,20.0,0.5
"Jenny De Schiralli
","Carrboro, North Carolina
","Swim Instructor
",5,3,26.0,17.0,0.375
"Jessica Holcomb
","Pearsall, Texas
","Attorney
",5,3,25.0,18.0,0.375
"Julie Durda
","Sacramento, California
","Professional Cheerleader
",5,3,24.0,19.0,0.375
"Katie Gehart
","Scottsdale, Arizona
","LASIK Eye & Skin Center Manager
",5,3,22.0,21.0,0.375
"Amber LaRoux
","Sunriver, Oregon
","Consultant
",5,2,27.0,16.0,0.25
"Anne-Catherine Labb
","Quebec City, Quebec, Canada
","Model
",5,2,27.0,16.0,0.25
"Celeste Creel
","Ithaca, New York
","Executive Assistant
",5,2,24.0,19.0,0.25
"Debbie Merkett
","Pinetops, North Carolina
","Massage Therapist
",5,2,27.0,16.0,0.25
"Jean-Marie Callahan
","Gibson, North Carolina
","Hairstylist
",5,2,26.0,17.0,0.25
"Jenny Matthews
","Canton, Michigan
","Retail Manager
",5,2,24.0,19.0,0.25
"Kristy Romero
","Dearborn, Michigan
","Student
",5,2,25.0,18.0,0.25
"Mandy Clemens
","San Diego, California
","Professional Soccer Player
",5,2,26.0,17.0,0.25
"DeShaun Warner
","Phillipsburg, New Jersey
","Account Manager
",5,1,25.0,18.0,0.125
"Dolores Farburg
","Madison, New Jersey
","Account Manager
",5,1,26.0,17.0,0.125
"Francine Jones
","Houston, Texas
","Retail Manager
",5,1,25.0,18.0,0.125
"Holly Reeder
","Tulsa, Oklahoma
","Bank Representative
",5,1,26.0,17.0,0.125
"Jessica Kyron
","Cincinnati, Ohio
","Student
",5,1,21.0,22.0,0.125
"Kristin Clearwater
","Sausalito, California
","Singer
",5,1,25.0,18.0,0.125
"Rachel Clementi
","Buffalo, New York
","Fashion PR Manager
",5,1,26.0,17.0,0.125
"Tanya
","Plano, TX
","Teacher
",6,8,31.0,27.0,1.0
"Cynthia
","Hermosa Beach, CA
","Charity foundations director
",6,7,37.0,21.0,0.875
"Cheresse
","St. Louis, MO
","Advertising director
",6,6,31.0,27.0,0.75
"Andrea
","Denver, CO
","Dental hygienist
",6,5,33.0,25.0,0.625
"Jayne
","Key Largo, FL
","Dog groomer
",6,5,37.0,21.0,0.625
"Krysta
","Oklahoma City, OK
","Financial analyst
",6,4,28.0,30.0,0.5
"Amanda
","New York, NY
","Cosmetics buyer
",6,3,27.0,31.0,0.375
"Kristie
","Windsor, Canada
","Bar owner
",6,3,32.0,26.0,0.375
"Susie
","Hollywood, CA
","Insurance broker
",6,3,32.0,26.0,0.375
"Ashley
","Santa Barbara, CA
","Teacher
",6,2,31.0,27.0,0.25
"Kelly
","Beverly Hills, CA
","Actress
",6,2,34.0,24.0,0.25
"Leina
","Chula Vista, CA
","Advertising associate
",6,2,28.0,30.0,0.25
"Natalie
","Santa Monica, CA
","Retail sales
",6,2,34.0,24.0,0.25
"Wende
","Austin, TX
","Model
",6,2,28.0,30.0,0.25
"Abby
","Henderson, NV
","Acrobat
",6,1,29.0,29.0,0.125
"Alma Rubenstein
","Astoria, OR
","Cafe owner
",6,1,35.0,23.0,0.125
"Amy
","San Diego, CA
","Marketing consultant
",6,1,27.0,31.0,0.125
"Carolyn
","Tusla, OK
","Financial advisor
",6,1,36.0,22.0,0.125
"Kerry
","San Francisco, CA
","Nurse
",6,1,31.0,27.0,0.125
"Kristin
","Pensacola, FL
","Office manager
",6,1,27.0,31.0,0.125
"Lisa
","West Palm Beach, FL
","Teacher
",6,1,33.0,25.0,0.125
"Melinda
","Nashville, TN
","Photographer
",6,1,39.0,19.0,0.125
"Nicole
","Libertyville, IL
","Executive recruiter
",6,1,28.0,30.0,0.125
"Sarah Brice
","McKinney, Texas
","Labor and Delivery Nurse
",7,8,25.0,23.0,1.0
"Krisily Kennedy
","Warwick, Rhode Island
","Salon Coordinator
",7,7,26.0,22.0,0.875
"Sarah Welch
","Los Angeles, California
","Fashion Design
",7,6,24.0,24.0,0.75
"Kimberly Choma
","Edmonton, Alberta
","Swimsuit Model
",7,5,25.0,23.0,0.625
"Anitra
","Manhattan Beach, California
","Makeup Artist
",7,4,29.0,19.0,0.5
"Kindle
","Rockwell, Texas
","Pro Basketball Cheerleader
",7,4,23.0,25.0,0.5
"Jenny Adams
","Edmonton, Alberta
","Marketing Coordinator
",7,3,23.0,25.0,0.375
"Kara
","Woodland Hills, California
","Nanny
",7,3,26.0,22.0,0.375
"Carrie
","Minneapolis, Minnesota
","Computer Specialist
",7,2,27.0,21.0,0.25
"Gina Marie
","Fort Lauderdale, Florida
","Bartender
",7,2,28.0,20.0,0.25
"Megan
","Tallahassee, Florida
","Retail Marketing
",7,2,23.0,25.0,0.25
"Brenda
","New York City, New York
","Sales Coordinator
",7,1,26.0,22.0,0.125
"Danuska
","Los Angeles, California
","Runway Model
",7,1,30.0,18.0,0.125
"Debby
","Thornhill, Ontario
","Flight Attendant
",7,1,25.0,23.0,0.125
"Emilie
","Chicago, Illinois
","Technology Sales
",7,1,27.0,21.0,0.125
"Geitan
","Newport Beach, California
","Realtor
",7,1,30.0,18.0,0.125
"Kristina
","Brooklyn, New York
","Writer
",7,1,27.0,21.0,0.125
"Kristine
","Fairfax Station, Virginia
","Bikini Model
",7,1,23.0,25.0,0.125
"Kyshawn
","Nashville, Tennessee
","Bartender
",7,1,30.0,18.0,0.125
"Siomara
","Chicago, Illinois
","Loan Officer
",7,1,25.0,23.0,0.125
"Valerie
","Wayne, New Jersey
","Executive Assistant
",7,1,28.0,20.0,0.125
Jennifer Wilson,"Pembroke Pines, Florida",Teacher,9,8,24.0,29.0,1.0
Sadie Murray,"Carlsbad, California",Publicist,9,7,23.0,30.0,0.875
Lisa Blank,"Portland, Oregon",Marketing manager,9,6,25.0,28.0,0.75
Agnese Polliza,"Venice, Italy",Student,9,5,24.0,29.0,0.625
Jeanette Pawula,"Bloomingdale, Illinois",Teacher,9,4,23.0,30.0,0.5
Desiree Valentin,"Salt Lake City, Utah",Realtor,9,4,22.0,31.0,0.5
Jami Matzke,"Galveston, Texas",Event planner,9,3,27.0,26.0,0.375
Gina Clark,"Chicago, Illinois",Ultrasound technician,9,3,28.0,25.0,0.375
Erica Rose,"Houston, Texas",Socialite,9,3,23.0,30.0,0.375
Sarah Schnare,"Nelson, British Columbia",Journalist,9,2,30.0,23.0,0.25
Kim Jackson,"Newport Beach, California",Interior designer,9,2,27.0,26.0,0.25
Ellen DeMaio,"New Haven, Connecticut",Realtor,9,2,30.0,23.0,0.25
April Jacobs,"Chicago, Illinois",Model,9,1,23.0,30.0,0.125
Andrea Shirley,"Cincinnati, Ohio",Hotel concierge,9,1,28.0,25.0,0.125
Brit Keeder,"Columbus, Ohio",Beer chemist,9,1,28.0,25.0,0.125
Carissa Ilburg,"Cattaraugus, New York",Attorney,9,1,25.0,28.0,0.125
Claudia Gismondi,"Boca Raton, Florida",Restauranteur,9,1,22.0,31.0,0.125
Elyse Hammer,"New York, New York",Physician,9,1,27.0,26.0,0.125
Heather Sneed,"Aliquippa, Pennsylvania",Registered nurse,9,1,34.0,19.0,0.125
Jessica Horner,"Charlotte, North Carolina",Assistant buyer,9,1,25.0,28.0,0.125
Laura Morgan,"San Diego, California",Dolphin trainer,9,1,29.0,24.0,0.125
Meri Barr,"Biloxi, Mississippi",Attorney,9,1,27.0,26.0,0.125
Rene Snell,"Baltimore, Maryland",Broadcast marketer,9,1,30.0,23.0,0.125
Rita Ghazal,"Richmond, Virginia",Policy advisor,9,1,29.0,24.0,0.125
Rosella Fratto,"Chicago, Illinois",Make-up artist,9,1,27.0,26.0,0.125
Tara Durr,"St. Augustine, Florida",Realtor,9,1,25.0,28.0,0.125
Anna Heinrich,"Goulburn, New South Wales",Lawyer,29,14,26.0,4.0,1.0
Rochelle Emmanuel-Smith,"Perth, Western Australia",Model,29,13,27.0,3.0,0.9285714285714286
Ali Oetjen,"Adelaide, South Australia",Real Estate Agent,29,12,27.0,3.0,0.8571428571428571
Danielle Sanby,Melbourne,Events Coordinator,29,11,24.0,6.0,0.7857142857142857
Katherine Schmidhofer,Sydney,Child Psychologist,29,10,33.0,3.0,0.7142857142857143
Natalie Sady,Melbourne,Model,29,9,34.0,4.0,0.6428571428571429
Sarah Amey,"Gold Coast, Queensland",Florist,29,9,22.0,8.0,0.6428571428571429
Penny Palman,Melbourne,Fitness Instructor,29,8,35.0,5.0,0.5714285714285714
Emily See-Winder,Sydney,Brand Strategist,29,7,30.0,0.0,0.5
Belle,Melbourne,Finance Manager,29,6,29.0,1.0,0.42857142857142855
Ashlee Crabbe,"Perth, Western Australia",PR Consultant,29,6,25.0,5.0,0.42857142857142855
Alana Gray,Melbourne,Flight Attendant,29,6,29.0,1.0,0.42857142857142855
Laura Clemesha,Sydney,Customer Relations,29,5,24.0,6.0,0.35714285714285715
Stacey Lindall,Melbourne,Flight Attendant,29,5,28.0,2.0,0.35714285714285715
Bianca Martin,Melbourne,Fitness Model,29,4,31.0,1.0,0.2857142857142857
Judy Kuo,Sydney,Doctor,29,3,28.0,2.0,0.21428571428571427
Sherri Mathieson,"Gold Coast, Queensland",Make-Up Artist,29,3,29.0,1.0,0.21428571428571427
Amy,Melbourne,Accountant,29,2,24.0,6.0,0.14285714285714285
Elizabeth McMahon,"Gold Coast, Queensland",Fashion Stylist,29,2,34.0,4.0,0.14285714285714285
Emma Rose,"Brisbane, Queensland",Events Director,29,2,25.0,5.0,0.14285714285714285
Debra,Melbourne,Cosmetic Clinic Director,29,1,32.0,2.0,0.07142857142857142
Erin,"Brisbane, Queensland",Emergency Nurse,29,1,24.0,6.0,0.07142857142857142
Jody Heidke,"Gold Coast, Queensland",Pre-School Teacher,29,1,33.0,3.0,0.07142857142857142
Joelene Booth,Sydney,Hair Stylist,29,1,23.0,7.0,0.07142857142857142
Nikki Quinlan,"Coolum Beach, Queensland",Professional Skateboarder,29,1,23.0,7.0,0.07142857142857142
"Samantha ""Sam"" Frost","Mornington Peninsula, Victoria",Financial Assistant,30,21,25.0,6.0,1.0
Lisa Hyde,"Noosa, Queensland",Fashion Designer,30,20,27.0,4.0,0.9523809523809523
Louise Pillidge,"Thredbo, New South Wales",Event Manager,30,19,26.0,5.0,0.9047619047619048
Jessica Jones,"Central Coast, New South Wales",Accounting Student,30,18,24.0,7.0,0.8571428571428571
Zoe O'Brien,Melbourne,Pharmacist,30,16,25.0,6.0,0.7619047619047619
Laurina Fleure,Melbourne,Entrepreneur,30,15,30.0,1.0,0.7142857142857143
Chantal Hrynieweski,Melbourne,Interior Designer,30,14,26.0,5.0,0.6666666666666666
Lauren Birdsall,Sydney,Dancer,30,13,27.0,4.0,0.6190476190476191
Mary O'Neill,Sydney,Acting Student,30,12,27.0,4.0,0.5714285714285714
Rachel Miley-Smith,Sydney,Medical Sales Representative,30,12,27.0,4.0,0.5714285714285714
Amber Gelinas,"Calgary, Canada",Oil & Gas Consultant,30,11,26.0,5.0,0.5238095238095238
Kara Bramham,Melbourne,Law Graduate,30,10,24.0,7.0,0.47619047619047616
Anastasia,Sydney,Lawyer,30,9,30.0,1.0,0.42857142857142855
Aley Greenblo,Sydney,Fashion Blogger,30,8,25.0,6.0,0.38095238095238093
Tahnee Lee,Sydney,Social Media Coordinator,30,8,24.0,7.0,0.38095238095238093
Alana Wilkie,"Perth, Western Australia",Legal Secretary,30,7,26.0,5.0,0.3333333333333333
Anita Cusack,"Castlemaine, Victoria",Dog Groomer,30,6,30.0,1.0,0.2857142857142857
Diana Dinu,"Brisbane, Queensland",I.T. Student,30,6,28.0,3.0,0.2857142857142857
Katrina Burgoyne,"Newcastle, New South Wales",Musician,30,6,26.0,5.0,0.2857142857142857
Lauren Smith,"Adelaide, South Australia",Flight Attendant,30,5,27.0,4.0,0.23809523809523808
Shana Leggett,"Gold Coast, Queensland",Poker Dealer,30,4,26.0,5.0,0.19047619047619047
Stacey-Louise,"Traralgon, Victoria",Fitness Trainer,30,4,33.0,2.0,0.19047619047619047
Holly Pearce,Sydney,Professional Netballer,30,4,23.0,8.0,0.19047619047619047
Amanda Hatcher,Sydney,Account Manager,30,3,28.0,3.0,0.14285714285714285
Bridgette-Rose Taylor,"Brisbane, Queensland",Law Student,30,2,24.0,7.0,0.09523809523809523
Tiarnar Tavita,"Newcastle, New South Wales",Model,30,2,31.0,0.0,0.09523809523809523
Emma Foster,Melbourne,Interior Designer,30,1,31.0,0.0,0.047619047619047616
Emma Levitt,"Perth, Western Australia",Make-Up Artist,30,1,28.0,3.0,0.047619047619047616
Karla,Sydney,Nurse,30,1,31.0,0.0,0.047619047619047616
Sam Aghan,"Perth, Western Australia",Administrative Assistant,30,1,25.0,6.0,0.047619047619047616
Snezana Markoski,"Perth, Western Australia",Scientific Sales Rep,31,17,34.0,0.0,1.0
Lana Jeavons-Fellows,"Berowra, New South Wales",Communications Assistant,31,16,27.0,7.0,0.9411764705882353
Sarah Mackay,"Mornington, Victoria",Event Manager,31,15,25.0,9.0,0.8823529411764706
Heather Maltman,"Brisbane, Queensland",Filmmaker,31,14,29.0,5.0,0.8235294117647058
Nina Rolleston,"Brisbane, Queensland",Wedding Planner,31,13,28.0,6.0,0.7647058823529411
Rachel Moore,"Brisbane, Queensland",Food Blogger,31,12,29.0,5.0,0.7058823529411765
Ebru Dallikavak,Melbourne,Portfolio Manager,31,10,31.0,3.0,0.5882352941176471
Emily Simms,Melbourne,Advertising Executive,31,9,31.0,3.0,0.5294117647058824
Bec Chin,"Central Coast, New South Wales",Dietitian,31,9,28.0,6.0,0.5294117647058824
Rachel Jones,"Adelaide, South Australia",Charity Worker,31,8,28.0,6.0,0.47058823529411764
Jasmin Brown,"Brisbane, Queensland",Marketing Graduate,31,7,24.0,10.0,0.4117647058823529
Jacinda Gugliemino,Sydney,Personal Assistant,31,6,33.0,1.0,0.35294117647058826
Sandra Rato,Melbourne,Primary P.E. Teacher,31,5,27.0,7.0,0.29411764705882354
Laura Musgrove,Sydney,Veterinary Surgeon,31,4,28.0,6.0,0.23529411764705882
Joni Hodson,Melbourne,Motivational Speaker,31,4,31.0,3.0,0.23529411764705882
Madeleine Van Orsouw,Melbourne,Fertility Nurse,31,3,26.0,8.0,0.17647058823529413
Krystal Steele,"Cannonvale, Queensland",Travel Agent,31,2,30.0,4.0,0.11764705882352941
Tessa Moritz,Melbourne,Account Manager,31,2,33.0,1.0,0.11764705882352941
Reshael Sirputh,"Brisbane, Queensland",Accounts Manager,31,2,28.0,6.0,0.11764705882352941
Jessica Lea,"Gold Coast, Queensland",Hospitality Manager,31,1,24.0,10.0,0.058823529411764705
Zilda Williams,"Gold Coast, Queensland",Model,31,1,31.0,3.0,0.058823529411764705
"Alexandra ""Alex"" Nation","Mornington Peninsula, Victoria",Venue Manager,32,17,24.0,7.0,1.0
Nikki Gogan,"Northam, Western Australia",Real Estate Agent,32,16,28.0,3.0,0.9411764705882353
Olena Khamula,"Sydney, New South Wales",Makeup Artist,32,15,23.0,8.0,0.8823529411764706
Rachael Gouvignon,"Perth, Western Australia",Support Worker,32,14,31.0,0.0,0.8235294117647058
Faith Williams,"Brisbane, Queensland",Hairdresser,32,13,26.0,5.0,0.7647058823529411
"Stephanie ""Steph"" Dixon","Ballarat, Victoria",Model,32,12,25.0,6.0,0.7058823529411765
"Kirralee ""Kiki"" Morris","Sydney, New South Wales",Personal Assistant,32,11,28.0,3.0,0.6470588235294118
Sarah Harding,"Brisbane, Queensland",Sales Representative,32,10,26.0,5.0,0.5882352941176471
Noni Janur,"Gold Coast, Queensland",Swimwear Designer,32,9,25.0,6.0,0.5294117647058824
Keira Maguire,"Sydney, New South Wales",Account Manager,32,8,29.0,2.0,0.47058823529411764
Georgia Tripos,"Melbourne, Victoria",Artist,32,7,24.0,7.0,0.4117647058823529
Megan Marx,"Geraldton, Western Australia",Health Promotions Officer,32,7,27.0,4.0,0.4117647058823529
Sasha Zhuravlyova,"Melbourne, Victoria",Executive Assistant,32,6,31.0,0.0,0.35294117647058826
Eliza St John,"Sydney, New South Wales",Event Coordinator,32,5,31.0,0.0,0.29411764705882354
Marja Jacobsen,"Sydney, New South Wales",Yoga Instructor,32,4,34.0,3.0,0.23529411764705882
Sophie Edwards,"Adelaide, South Australia",Customer Support Manager,32,4,28.0,3.0,0.23529411764705882
Janey Birks,"Brisbane, Queensland",Children's Entertainer,32,3,27.0,4.0,0.17647058823529413
Tiffany Scanlon,"Perth, Western Australia",Training Administrator,32,3,29.0,2.0,0.17647058823529413
Tolyna Baan,"Melbourne, Victoria",Personal Trainer,32,3,32.0,1.0,0.17647058823529413
Laura Williams,"Melbourne, Victoria",Project Manager,32,2,25.0,6.0,0.11764705882352941
Mia MacKinnon,"Sydney, New South Wales",Former Athlete/Student,32,2,24.0,7.0,0.11764705882352941
Aimee Psellos,"Melbourne, Victoria",Business Development Manager,32,1,31.0,0.0,0.058823529411764705
Natalie Nazzari,"Kalgoorlie, Western Australia",Communications Officer,32,1,27.0,4.0,0.058823529411764705
Vintaea Carlos,"Brisbane, Queensland",Massage Therapist,32,1,25.0,6.0,0.058823529411764705
Laura Byrne,"Sydney, New South Wales",Jewellery Designer,33,17,31.0,2.0,1.0
Elise Stacy,"Perth, Western Australia",Marketing Executive,33,16,30.0,1.0,0.9411764705882353
Tara Pavlovic,"Gold Coast, Queensland",Nanny,33,15,27.0,2.0,0.8823529411764706
Florence Moerenhout,"Melbourne, Victoria",Brand Manager,33,14,27.0,2.0,0.8235294117647058
Elora Murger,"Sydney, New South Wales",Fitness Trainer,33,13,27.0,2.0,0.7647058823529411
Cobie Frost,"Brisbane, Queensland",Coal Plant Operator,33,13,30.0,1.0,0.7647058823529411
Lisa Carlton,"Melbourne, Victoria",Model,33,12,24.0,5.0,0.7058823529411765
Simone Ormesher,"Melbourne, Victoria",Office Administrator,33,11,25.0,4.0,0.6470588235294118
Jennifer Hawke,"Sydney, New South Wales",Marketing Manager,33,10,28.0,1.0,0.5882352941176471
Michelle Paxton,"Adelaide, South Australia",Police Officer,33,9,31.0,2.0,0.5294117647058824
Stephanie Boulton,"Perth, Western Australia",Safety Administrator,33,8,23.0,6.0,0.47058823529411764
Alix McDermott,"Austinmer, New South Wales",Body Painter,33,8,24.0,5.0,0.47058823529411764
Sharlene Mik,"Melbourne, Victoria",Wedding Planner,33,8,26.0,3.0,0.47058823529411764
Leah Costa,"Melbourne, Victoria",Architecture Student,33,7,24.0,5.0,0.4117647058823529
Natalie Holmberg,"Adelaide, South Australia",Midwife,33,6,26.0,3.0,0.35294117647058826
Sian Kelly,"Perth, Western Australia",Retail Assistant,33,5,24.0,5.0,0.29411764705882354
Elizabeth Duncan,"Sydney, New South Wales",Property Executive,33,5,31.0,2.0,0.29411764705882354
Belinda Rygier,"Brisbane, Queensland",Love Coach,33,4,34.0,5.0,0.23529411764705882
Akoulina Ktoiants,"Gold Coast, Queensland",Gymnastics Coach,33,3,29.0,0.0,0.17647058823529413
Laura-Ann Rullo,"Melbourne, Victoria",Criminal Lawyer,33,2,27.0,2.0,0.11764705882352941
Stacey Simpson,"Townsville, Queensland",Gym Instructor,33,1,26.0,3.0,0.058823529411764705
Monica Brown,"Melbourne, Victoria",Medical Receptionist,33,1,26.0,3.0,0.058823529411764705
Brittany Hockley,"Port Macquarie, New South Wales",Radiographer,34,16,30.0,0.0,1.0
Sophie Tieman,"Moreton Bay, Queensland",Property Valuer,34,16,25.0,5.0,1.0
Brooke Blurton,"Carnarvon, Western Australia",Youth Worker,34,15,23.0,7.0,0.9375
"Cassandra ""Cass"" Wood","Sydney, New South Wales",Student,34,14,23.0,7.0,0.875
Dasha Gaivoronski,"Adelaide, South Australia",Personal Trainer,34,13,32.0,2.0,0.8125
Emily Dibden,"Canberra, Australian Capital Territory",Dance Teacher,34,13,25.0,5.0,0.8125
Shannon Baff,"Melbourne, Victoria",Car Care Consultant,34,12,25.0,5.0,0.75
Jamie-Lee Dayz,"Sydney, New South Wales",Venue Manager,34,11,27.0,3.0,0.6875
Tenille Favios,"Brisbane, Queensland",Flight Attendant,34,10,25.0,5.0,0.625
Deanna Salvemini,"Adelaide, South Australia",Dental Nurse,34,9,28.0,2.0,0.5625
Romy Poulier,"Brisbane, Queensland",Photo Shoot Director,34,8,30.0,0.0,0.5
Alisha Aitken-Radburn,"Canberra, Australian Capital Territory",Political Adviser,34,8,25.0,5.0,0.5
Brittney Weldon,"Gold Coast, Queensland",Housing Officer,34,8,25.0,5.0,0.5
Cat Henesey-Smith,"Brisbane, Queensland",Fashion Designer,34,8,24.0,6.0,0.5
Ashlea Harvey,"Gold Coast, Queensland",Property Consultant,34,7,30.0,0.0,0.4375
Rhiannon Doherty,"Gold Coast, Queensland",Sales Representative,34,7,28.0,2.0,0.4375
Vanessa Sunshine,"Melbourne, Victoria",Legal Secretary,34,6,27.0,3.0,0.375
Blair Thomas,"Gold Coast, Queensland",P.E. Teacher,34,5,27.0,3.0,0.3125
Aleksandra Sekuloska,"Melbourne, Victoria",Yoga Teacher,34,4,31.0,1.0,0.25
Steph Crothers,"Melbourne, Victoria",Children's Entertainer,34,4,23.0,7.0,0.25
Cayla Tudehope,"Sunshine Coast, Queensland",Energy Healer,34,3,27.0,3.0,0.1875
Christina Karklis,"Brisbane, Queensland",Retail Manager,34,3,23.0,7.0,0.1875
Kayla Gray,"Mount Gambier, South Australia",Flight Attendant,34,3,25.0,5.0,0.1875
Juliana Bahr-Thomson,"Sydney, New South Wales",Lifeguard,34,2,29.0,1.0,0.125
Renee Cuzens,"Melbourne, Victoria",Business Analyst,34,2,30.0,0.0,0.125
Autumn Jay,"Melbourne, Victoria",Digital Designer,34,1,29.0,1.0,0.0625
Susie McDougall,"Perth, Western Australia",Account Manager,34,1,30.0,0.0,0.0625
Urszula Mosijewski,"Melbourne, Victoria",Creative Director,34,1,34.0,4.0,0.0625
Chelsie McLeod,"Melbourne, Victoria",Chemical Engineer,35,17,28.0,3.0,1.0
Abbie Chatfield,"Brisbane, Queensland",Property Analyst,35,16,23.0,8.0,0.9411764705882353
Helena Sauzier,"Perth, Western Australia",Wellness Coach,35,15,25.0,6.0,0.8823529411764706
Emma Roche,"Sydney, New South Wales",Fashion Brand Manager,35,14,32.0,1.0,0.8235294117647058
Elly Miles,"Newcastle, New South Wales",Nurse,35,13,24.0,7.0,0.7647058823529411
Kristen Czyszek,"Brisbane, Queensland",China Researcher,35,12,25.0,6.0,0.7058823529411765
Sogand Mohtat,"Sydney, New South Wales",Civil Engineer,35,11,30.0,1.0,0.6470588235294118
Mary Viturino,"Melbourne, Victoria",Cook,35,10,31.0,0.0,0.5882352941176471
Nichole Wood,"Gold Coast, Queensland",Caf Manager,35,10,25.0,6.0,0.5882352941176471
Nikki Ferris,"Sydney, New South Wales",Student,35,9,24.0,7.0,0.5294117647058824
Rachael Arahill,"Sydney, New South Wales",Personal Trainer,35,9,23.0,8.0,0.5294117647058824
Cassandra Mamone,"Adelaide, South Australia",Jewellery Designer,35,8,33.0,2.0,0.47058823529411764
Brianna Ferrante,"Perth, Western Australia",Clerical Officer,35,7,24.0,7.0,0.4117647058823529
Monique Morley,"Sydney, New South Wales",Fashion Designer,35,6,26.0,5.0,0.35294117647058826
Vakoo Kauapirura,"Sydney, New South Wales",Model,35,6,23.0,8.0,0.35294117647058826
Julia Hyde,"Sydney, New South Wales",Children's Entertainer,35,5,28.0,3.0,0.29411764705882354
Isabelle Davies,"Gold Coast, Queensland",Pilates Instructor,35,4,29.0,2.0,0.23529411764705882
Jessica Brody,"Melbourne, Victoria",Makeup Artist,35,3,30.0,1.0,0.17647058823529413
Jessie Fredriksen,"Perth, Western Australia",Executive PA,35,3,30.0,1.0,0.17647058823529413
Renee Barrett,"Darwin, Northern Territory",Healthcare Coordinator,35,3,25.0,6.0,0.17647058823529413
Danush Deravi,"Melbourne, Victoria",Accountant,35,2,34.0,3.0,0.11764705882352941
Georgina Powell,"Brisbane, Queensland",Cosmetic Nurse,35,2,32.0,1.0,0.11764705882352941
Hannah Chapman,"Melbourne, Victoria",Social Media Manager,35,2,25.0,6.0,0.11764705882352941
Sam Royce,"Melbourne, Victoria",Public Servant,35,2,29.0,2.0,0.11764705882352941
Tara Norman,"Geelong, Victoria",Nurse,35,2,25.0,6.0,0.11764705882352941
Tash Dowell,"Sydney, New South Wales",Sports Teacher,35,2,34.0,3.0,0.11764705882352941
Keely Spedding,"Brisbane, Queensland",Textiles Designer,35,1,27.0,4.0,0.058823529411764705
Sophie Oddo,"Melbourne, Victoria",Copywriter,35,1,25.0,6.0,0.058823529411764705
Irena Srbinovska,Melbourne,Nurse,36,15,31.0,1.0,1.0
Bella Varelis,Sydney,Marketing Consultant,36,14,25.0,5.0,0.9333333333333333
Bec Cvilikas,"Sunshine Coast, Queensland",Senior Beauty Consultant,36,13,25.0,5.0,0.8666666666666667
Izzy Sharman-Firth,"Brisbane, Queensland",HR Advisor,36,13,29.0,1.0,0.8666666666666667
Kaitlyn Bunyan-Hoppe,"Gold Coast, Queensland",Personal Assistant,36,12,26.0,4.0,0.8
Juliette Herrera,"Sydney, New South Wales",Stylist,36,11,34.0,4.0,0.7333333333333333
Maddy Carver,"Hobart, Tasmania",Teacher,36,11,25.0,5.0,0.7333333333333333
Steph Harper,"Geelong, Victoria",Special Needs Teacher,36,11,26.0,4.0,0.7333333333333333
Roxi Kenny,"Brisbane, Queensland",Mechanical Engineer,36,10,29.0,1.0,0.6666666666666666
Nicole Campbell,"Sydney, New South Wales",Professional Dancer,36,9,26.0,4.0,0.6
Bel Colwell,"Walgett, New South Wales",Media Buyer,36,8,25.0,5.0,0.5333333333333333
Areeba Emmanuel,"Sydney, New South Wales",Home Loan Officer,36,7,25.0,5.0,0.4666666666666667
Charley Bond,"Brisbane, Queensland",P.E. Teacher,36,7,25.0,5.0,0.4666666666666667
Gemma White,"Gold Coast, Queensland",Property Manager,36,7,28.0,2.0,0.4666666666666667
Laura Calleri,"Perth, Western Australia",Marketing Coordinator,36,7,24.0,6.0,0.4666666666666667
Marg Zogoulas,"Melbourne, Victoria",Car Sales Consultant,36,7,23.0,7.0,0.4666666666666667
Kristina Abramoff,"Perth, Western Australia",PhD Scholar,36,6,24.0,6.0,0.4
Rosemary Sawtell,"Brisbane, Queensland",Retail Manager,36,6,23.0,7.0,0.4
Clare Lange,"Perth, Western Australia",Administration Assistant,36,5,26.0,4.0,0.3333333333333333
Zoe-Clare McDonald,"Brisbane, Queensland",Sales Manager,36,5,23.0,7.0,0.3333333333333333
Georgie Glass,"Hobart, Tasmania",Project Manager,36,3,32.0,2.0,0.2
Leilani Vakaahi,"Forster, New South Wales",Partnerships Manager,36,3,27.0,3.0,0.2
Marlaina McPhillips,"Melbourne, Victoria",Fundraising Coordinator,36,3,31.0,1.0,0.2
Nadine Kodsi,"Melbourne, Victoria",Entrepreneur,36,1,30.0,0.0,0.06666666666666667
Paige Royal,"Melbourne, Victoria",Professional Model,36,1,31.0,1.0,0.06666666666666667
Holly Kingston,"Sydney, New South Wales",Marketing Manager,37,17,27.0,4.0,1.0
Brooke Cleal,"Melbourne, Victoria",Occupational Therapist,37,16,27.0,4.0,0.9411764705882353
"Jacinta ""Jay"" Lal","Sydney, New South Wales",Nutritionist,37,15,31.0,0.0,0.8823529411764706
Carlie Hodges,"Melbourne, Victoria",Corporate Lawyer,37,14,33.0,2.0,0.8235294117647058
Lily Price,"Melbourne, Victoria",Crane Operator,37,13,23.0,8.0,0.7647058823529411
"Ashlee ""Ash"" Lawson","Brisbane, Queensland",Dance Teacher,37,13,34.0,3.0,0.7647058823529411
Laura O'Loughlin,"Adelaide, South Australia",Speech Pathologist,37,12,28.0,3.0,0.7058823529411765
Tahnee Leeson,"Melbourne, Victoria",Corporate Travel Manager,37,11,27.0,4.0,0.6470588235294118
Stephanie Lynch,"Perth, Western Australia",Business Development Manager,37,10,27.0,4.0,0.5882352941176471
Rebekah Modernel,"Sydney, New South Wales",Youth Support Worker,37,9,27.0,4.0,0.5294117647058824
Sierah Swepstone,"Melbourne, Victoria",Technical Analyst,37,8,28.0,3.0,0.47058823529411764
Stevie Grey,"Brisbane, Queensland",Hair Stylist,37,7,29.0,2.0,0.4117647058823529
Tatum Hargraves,"Gold Coast, Queensland",Company Director,37,7,26.0,5.0,0.4117647058823529
Ashleigh Freckleton,"Melbourne, Victoria",Speech Pathologist,37,6,28.0,3.0,0.35294117647058826
Elena Wee,"Sydney, New South Wales",Personal Trainer,37,5,33.0,2.0,0.29411764705882354
Hannah Norman,"Sydney, New South Wales",Nurse,37,4,26.0,5.0,0.23529411764705882
Tamlyn Hoskins,"Sydney, New South Wales",Customer Service Officer,37,4,25.0,6.0,0.23529411764705882
Chanel Tang,"Sydney, New South Wales",Flight Manager,37,3,34.0,3.0,0.17647058823529413
Madison Allen,"Melbourne, Victoria",Marketing Co-Ordinator,37,3,24.0,7.0,0.17647058823529413
Belinda Robinson,"Sunshine Coast, Queensland",Criminal Lawyer,37,2,29.0,2.0,0.11764705882352941
Jacinta Boys,"Melbourne, Victoria",Executive Recruiter,37,2,29.0,2.0,0.11764705882352941
Annabelle O'Regan,"Sydney, New South Wales",Medical Equipment Installer,37,1,28.0,3.0,0.058823529411764705
Lauren Jenkins,"Adelaide, South Australia",Office Administrator,37,1,29.0,2.0,0.058823529411764705
Bianka Kamber,"Mississauga, Ontario",Nurse,38,8,28,1,1.0
Whitney Lee,"Calgary, Alberta",Administrative Assistant,38,7,24,5,0.875
Kara Henderson,"Delta, British Columbia",Grad Student,38,6,25,4,0.75
Gabrielle Dipersico,"Oakville, Ontario",Law Student,38,5,24,5,0.625
Ana Calin,"Ottawa, Ontario",Server,38,4,26,3,0.5
Britany Boutin,"Swift Current, Saskatchewan",Nurse,38,4,23,6,0.5
Laura Bateman,"Ottawa, Ontario",Cocktail Waitress,38,4,23,6,0.5
Chantelle Harink,"Sylvan Lake, Alberta",Pastor,38,4,25,4,0.5
Michelle Beilhartz,"Newmarket, Ontario",Yoga Instructor,38,3,27,2,0.375
Nicole De Vries,"St. Thomas, Ontario",Optician,38,3,25,4,0.375
Sophie LeBlanc,"Moncton, New Brunswick",University Recruitment Agent,38,3,26,3,0.375
Tia Borden,"Ottawa, Ontario",Marketing Coordinator,38,3,25,4,0.375
Laura F.,"Winnipeg, Manitoba",Medical Student,38,2,23,6,0.25
Melissa Marie Peters,"North Vancouver, British Columbia",Playboy Model,38,2,28,1,0.25
Michelle Vessey,"Calgary, Alberta",Petroleum Land Administrator,38,2,26,3,0.25
Stephanie Wuethrich,"Montreal, Quebec",Model/Neuroscientist,38,2,32,3,0.25
Amber Zubriski,"Winnipeg, Manitoba",Strip Club Server,38,1,29,0,0.125
Clarice Ching,"Toronto, Ontario",Office Administrator,38,1,25,4,0.125
Fawn F.,"Ajax, Ontario",Sales Associate,38,1,25,4,0.125
Mindy Olson,"Rocky Mountain House, Alberta",Photo Lab Manager,38,1,33,4,0.125
Rebecca Harrison,"Toronto, Ontario",Real Estate Agent,38,1,27,2,0.125
Sandy Denham,"Wetaskiwin, Alberta",Makeup Artist,38,1,29,0,0.125
Tina Petrick,"Thunder Bay, Ontario",Trial Lawyer,38,1,26,3,0.125
Tracy,"Victoria, British Columbia",Grad Student,38,1,28,1,0.125
April Brockman,"Wasaga Beach, Ontario",Realtor,39,9,27,1,1.0
Trisha Vergo,"Edmonton, Alberta",Beauty Queen,39,8,28,0,0.8888888888888888
Sachelle Violette,"Sudbury, Ontario",University Recruitment Coordinator,39,7,24,4,0.7777777777777778
Lisa Racz,"Calgary, Alberta",Hairstylist,39,7,25,3,0.7777777777777778
Kaylynn Taylor,"Vancouver, British Columbia",Ballerina,39,6,26,2,0.6666666666666666
Dominique Kost,"Montreal, Quebec",Reception & IT,39,5,28,0,0.5555555555555556
Natalie Elliott,"Cambridge, Ontario",Elementary French Teacher,39,4,27,1,0.4444444444444444
Rileigh Perin,"Kingston, Ontario",Philosophy Student/Waitress,39,4,23,5,0.4444444444444444
April Borgnetta,"Victoria, British Columbia",Wax Artist,39,3,30,2,0.3333333333333333
Christine White,"Vancouver, British Columbia",Music Teacher,39,3,29,1,0.3333333333333333
Jenny Campion,"Hong Kong / Vancouver, British Columbia",Personal Trainer,39,3,26,2,0.3333333333333333
Martha Reyes Islas,"Cuernavaca, Mexico / Montreal, Quebec",Fashion Buyer,39,3,26,2,0.3333333333333333
Alison Ruiz,"Montreal, Quebec",Nurse,39,2,27,1,0.2222222222222222
Rene-Anne Montpellier,"Sherbrooke, Quebec",ER Doctor,39,2,28,0,0.2222222222222222
Sonia Hoshowsky,"Calgary, Alberta",Lingerie Model,39,2,42,14,0.2222222222222222
Andrea Driedger,"Kelowna, British Columbia",Dental Hygienist,39,1,30,2,0.1111111111111111
Jacqueline Metcalfe,"Toronto, Ontario",Law Office Admin Assistant,39,1,23,5,0.1111111111111111
Jennifer Selinger,"Montreal, Quebec",Joyologist,39,1,26,2,0.1111111111111111
Jewel Brady,"Toronto, Ontario",Accountant,39,1,32,4,0.1111111111111111
Kelsey Palmer,"Calgary, Alberta",Sommelier,39,1,28,0,0.1111111111111111
Raelee Fedyna,"Calgary, Alberta",Gymnast/Art Director,39,1,26,2,0.1111111111111111
Ritiuska Leon,"Puerto Ordaz, Venezuela / Calgary, Alberta",Engineer,39,1,33,5,0.1111111111111111
Sarah Barber,"St. Catharines, Ontario",Personal Trainer Worker,39,1,31,3,0.1111111111111111
Sharan Garcha,"Vancouver, British Columbia",IT Sales,39,1,23,5,0.1111111111111111
